Rk,Team,Date,,Opp,Result
1,ATL,2024-03-15,@,UTA,L 122-124
2,CHO,2024-03-15,,PHO,L 96-107
3,ORL,2024-03-15,@,TOR,W 113-103
4,SAS,2024-03-15,,DEN,L 106-117
5,LAC,2024-03-15,@,NOP,L 104-112
6,UTA,2024-03-15,,ATL,W 124-122
7,PHO,2024-03-15,@,CHO,W 107-96
8,NOP,2024-03-15,,LAC,W 112-104
9,MIA,2024-03-15,@,DET,W 108-95
10,TOR,2024-03-15,,ORL,L 103-113
11,DEN,2024-03-15,@,SAS,W 117-106
12,DET,2024-03-15,,MIA,L 95-108
13,HOU,2024-03-14,,WAS,W 135-119
14,BOS,2024-03-14,,PHO,W 127-112
15,WAS,2024-03-14,@,HOU,L 119-135
16,POR,2024-03-14,,NYK,L 93-105
17,LAC,2024-03-14,@,CHI,W 126-111
18,DAL,2024-03-14,@,OKC,L 119-126
19,PHO,2024-03-14,@,BOS,L 112-127
20,NYK,2024-03-14,@,POR,W 105-93
21,PHI,2024-03-14,@,MIL,L 105-114
22,MIL,2024-03-14,,PHI,W 114-105
23,OKC,2024-03-14,,DAL,W 126-119
24,CHI,2024-03-14,,LAC,L 111-126
25,TOR,2024-03-13,@,DET,L 104-113
26,DET,2024-03-13,,TOR,W 113-104
27,IND,2024-03-13,,CHI,L 129-132 (OT)
28,BRK,2024-03-13,@,ORL,L 106-114
29,MIA,2024-03-13,,DEN,L 88-100
30,SAC,2024-03-13,,LAL,W 120-107
31,CLE,2024-03-13,@,NOP,W 116-95
32,POR,2024-03-13,,ATL,W 106-102
33,NOP,2024-03-13,,CLE,L 95-116
34,DAL,2024-03-13,,GSW,W 109-99
35,LAL,2024-03-13,@,SAC,L 107-120
36,MEM,2024-03-13,,CHO,L 98-110
37,GSW,2024-03-13,@,DAL,L 99-109
38,DEN,2024-03-13,@,MIA,W 100-88
39,ORL,2024-03-13,,BRK,W 114-106
40,ATL,2024-03-13,@,POR,L 102-106
41,CHO,2024-03-13,@,MEM,W 110-98
42,CHI,2024-03-13,@,IND,W 132-129 (OT)
43,UTA,2024-03-12,,BOS,L 107-123
44,PHI,2024-03-12,@,NYK,L 79-106
45,MIL,2024-03-12,@,SAC,L 94-129
46,OKC,2024-03-12,,IND,L 111-121
47,LAC,2024-03-12,,MIN,L 100-118
48,SAS,2024-03-12,,HOU,L 101-103
49,IND,2024-03-12,@,OKC,W 121-111
50,MEM,2024-03-12,,WAS,W 109-97
51,MIN,2024-03-12,@,LAC,W 118-100
52,HOU,2024-03-12,@,SAS,W 103-101
53,WAS,2024-03-12,@,MEM,L 97-109
54,NYK,2024-03-12,,PHI,W 106-79
55,SAC,2024-03-12,,MIL,W 129-94
56,BOS,2024-03-12,@,UTA,W 123-107
57,SAS,2024-03-11,,GSW,L 102-112
58,TOR,2024-03-11,@,DEN,L 119-125
59,DET,2024-03-11,,CHO,W 114-97
60,BOS,2024-03-11,@,POR,W 121-99
61,DEN,2024-03-11,,TOR,W 125-119
62,POR,2024-03-11,,BOS,L 99-121
63,CLE,2024-03-11,,PHO,L 111-117
64,GSW,2024-03-11,@,SAS,W 112-102
65,PHO,2024-03-11,@,CLE,W 117-111
66,CHO,2024-03-11,@,DET,L 97-114
67,DAL,2024-03-11,@,CHI,W 127-92
68,CHI,2024-03-11,,DAL,L 92-127
69,PHI,2024-03-10,@,NYK,W 79-73
70,ORL,2024-03-10,,IND,L 97-111
71,MIN,2024-03-10,@,LAL,L 109-120
72,IND,2024-03-10,@,ORL,W 111-97
73,MIL,2024-03-10,@,LAC,W 124-117
74,NOP,2024-03-10,@,ATL,W 116-103
75,WAS,2024-03-10,@,MIA,W 110-108
76,LAC,2024-03-10,,MIL,L 117-124
77,MIA,2024-03-10,,WAS,L 108-110
78,ATL,2024-03-10,,NOP,L 103-116
79,OKC,2024-03-10,,MEM,W 124-93
80,HOU,2024-03-10,@,SAC,W 112-104
81,NYK,2024-03-10,,PHI,L 73-79
82,SAC,2024-03-10,,HOU,L 104-112
83,MEM,2024-03-10,@,OKC,L 93-124
84,BRK,2024-03-10,@,CLE,W 120-101
85,LAL,2024-03-10,,MIN,W 120-109
86,CLE,2024-03-10,,BRK,L 101-120
87,CHO,2024-03-09,,BRK,W 110-99
88,DET,2024-03-09,,DAL,L 124-142
89,GSW,2024-03-09,,SAS,L 113-126
90,LAC,2024-03-09,,CHI,W 112-102
91,DAL,2024-03-09,@,DET,W 142-124
92,BOS,2024-03-09,@,PHO,W 117-107
93,BRK,2024-03-09,@,CHO,L 99-110
94,UTA,2024-03-09,@,DEN,L 121-142
95,POR,2024-03-09,,TOR,W 128-118 (OT)
96,DEN,2024-03-09,,UTA,W 142-121
97,SAS,2024-03-09,@,GSW,W 126-113
98,TOR,2024-03-09,@,POR,L 118-128 (OT)
99,PHO,2024-03-09,,BOS,L 107-117
100,CHI,2024-03-09,@,LAC,L 102-112
101,MEM,2024-03-08,,ATL,L 92-99
102,PHI,2024-03-08,,NOP,L 95-103
103,POR,2024-03-08,,HOU,L 107-123
104,ORL,2024-03-08,@,NYK,L 74-98
105,NOP,2024-03-08,@,PHI,W 103-95
106,ATL,2024-03-08,@,MEM,W 99-92
107,CLE,2024-03-08,,MIN,W 113-104 (OT)
108,MIN,2024-03-08,@,CLE,L 104-113 (OT)
109,CHO,2024-03-08,@,WAS,L 100-112
110,OKC,2024-03-08,,MIA,W 107-100
111,LAL,2024-03-08,,MIL,W 123-122
112,MIL,2024-03-08,@,LAL,L 122-123
113,NYK,2024-03-08,,ORL,W 98-74
114,MIA,2024-03-08,@,OKC,L 100-107
115,HOU,2024-03-08,@,POR,W 123-107
116,WAS,2024-03-08,,CHO,W 112-100
117,DET,2024-03-07,,BRK,W 118-112
118,DAL,2024-03-07,,MIA,W 114-108
119,SAS,2024-03-07,@,SAC,L 129-131
120,PHO,2024-03-07,,TOR,W 120-113
121,TOR,2024-03-07,@,PHO,L 113-120
122,BRK,2024-03-07,@,DET,L 112-118
123,MIN,2024-03-07,@,IND,W 113-111
124,SAC,2024-03-07,,SAS,W 131-129
125,MIA,2024-03-07,@,DAL,L 108-114
126,DEN,2024-03-07,,BOS,W 115-109
127,IND,2024-03-07,,MIN,L 111-113
128,GSW,2024-03-07,,CHI,L 122-125
129,BOS,2024-03-07,@,DEN,L 109-115
130,CHI,2024-03-07,@,GSW,W 125-122
131,MIL,2024-03-06,@,GSW,L 90-125
132,GSW,2024-03-06,,MIL,W 125-90
133,HOU,2024-03-06,,LAC,L 116-122
134,LAC,2024-03-06,@,HOU,W 122-116
135,LAL,2024-03-06,,SAC,L 120-130
136,OKC,2024-03-06,@,POR,W 128-120
137,PHI,2024-03-06,,MEM,L 109-115
138,SAC,2024-03-06,@,LAL,W 130-120
139,ATL,2024-03-06,,CLE,W 112-101
140,UTA,2024-03-06,,CHI,L 117-119
141,CLE,2024-03-06,@,ATL,L 101-112
142,ORL,2024-03-06,@,WAS,W 119-109
143,MEM,2024-03-06,@,PHI,W 115-109
144,WAS,2024-03-06,,ORL,L 109-119
145,CHI,2024-03-06,@,UTA,W 119-117
146,POR,2024-03-06,,OKC,L 120-128
147,CHO,2024-03-05,,ORL,L 89-101
148,NOP,2024-03-05,@,TOR,W 139-98
149,BOS,2024-03-05,@,CLE,L 104-105
150,MIA,2024-03-05,,DET,W 118-110
151,DET,2024-03-05,@,MIA,L 110-118
152,NYK,2024-03-05,,ATL,L 100-116
153,BRK,2024-03-05,,PHI,W 112-107
154,PHI,2024-03-05,@,BRK,L 107-112
155,DAL,2024-03-05,,IND,L 120-137
156,CLE,2024-03-05,,BOS,W 105-104
157,PHO,2024-03-05,@,DEN,W 117-107 (OT)
158,ORL,2024-03-05,@,CHO,W 101-89
159,DEN,2024-03-05,,PHO,L 107-117 (OT)
160,TOR,2024-03-05,,NOP,L 98-139
161,HOU,2024-03-05,,SAS,W 114-101
162,SAS,2024-03-05,@,HOU,L 101-114
163,ATL,2024-03-05,@,NYK,W 116-100
164,IND,2024-03-05,@,DAL,W 137-120
165,LAL,2024-03-04,,OKC,W 116-104
166,SAC,2024-03-04,,CHI,L 109-113
167,MEM,2024-03-04,@,BRK,W 106-102
168,POR,2024-03-04,@,MIN,L 114-119
169,LAC,2024-03-04,@,MIL,L 106-113
170,BRK,2024-03-04,,MEM,L 102-106
171,UTA,2024-03-04,,WAS,W 127-115
172,OKC,2024-03-04,@,LAL,L 104-116
173,MIL,2024-03-04,,LAC,W 113-106
174,MIN,2024-03-04,,POR,W 119-114
175,WAS,2024-03-04,@,UTA,L 115-127
176,CHI,2024-03-04,@,SAC,W 113-109
177,DET,2024-03-03,@,ORL,L 91-113
178,PHI,2024-03-03,@,DAL,W 120-116
179,IND,2024-03-03,@,SAS,L 105-117
180,CHO,2024-03-03,@,TOR,L 106-111
181,SAS,2024-03-03,,IND,W 117-105
182,CLE,2024-03-03,,NYK,L 98-107
183,MIN,2024-03-03,,LAC,L 88-89
184,TOR,2024-03-03,,CHO,W 111-106
185,LAC,2024-03-03,@,MIN,W 89-88
186,DAL,2024-03-03,,PHI,L 116-120
187,PHO,2024-03-03,,OKC,L 110-118
188,ORL,2024-03-03,,DET,W 113-91
189,NYK,2024-03-03,@,CLE,W 107-98
190,BOS,2024-03-03,,GSW,W 140-88
191,OKC,2024-03-03,@,PHO,W 118-110
192,GSW,2024-03-03,@,BOS,L 88-140
193,ATL,2024-03-02,@,BRK,L 102-114
194,MIA,2024-03-02,,UTA,W 126-120
195,PHO,2024-03-02,,HOU,L 109-118
196,MEM,2024-03-02,,POR,L 100-107 (OT)
197,BRK,2024-03-02,,ATL,W 114-102
198,DEN,2024-03-02,@,LAL,W 124-114
199,HOU,2024-03-02,@,PHO,W 118-109
200,UTA,2024-03-02,@,MIA,L 120-126
201,DEN,2024-03-02,@,LAL,W 124-114
202,MIA,2024-03-02,,UTA,W 126-120
203,MIL,2024-03-01,@,CHI,W 113-97
204,GSW,2024-03-01,@,TOR,W 120-105
205,MEM,2024-03-01,,POR,L 92-122
206,DET,2024-03-01,,CLE,L 100-110
207,CHI,2024-03-01,,MIL,L 97-113
208,TOR,2024-03-01,,GSW,L 105-120
209,PHI,2024-03-01,,CHO,W 121-114
210,CHO,2024-03-01,@,PHI,L 114-121
211,CLE,2024-03-01,@,DET,W 110-100
212,MIN,2024-03-01,,SAC,L 120-124 (OT)
213,NOP,2024-03-01,,IND,W 129-102
214,POR,2024-03-01,@,MEM,W 122-92
215,DAL,2024-03-01,@,BOS,L 110-138
216,BOS,2024-03-01,,DAL,W 138-110
217,WAS,2024-03-01,@,LAC,L 115-140
218,SAC,2024-03-01,@,MIN,W 124-120 (OT)
219,LAC,2024-03-01,,WAS,W 140-115
220,IND,2024-03-01,@,NOP,L 102-129
221,GSW,2024-02-29,@,NYK,W 110-99
222,OKC,2024-02-29,@,SAS,L 118-132
223,BRK,2024-02-29,,ATL,W 124-97
224,WAS,2024-02-29,@,LAL,L 131-134 (OT)
225,PHO,2024-02-29,,HOU,W 110-105
226,MIL,2024-02-29,@,CHO,W 111-99
227,HOU,2024-02-29,@,PHO,L 105-110
228,ATL,2024-02-29,@,BRK,L 97-124
229,CHO,2024-02-29,,MIL,L 99-111
230,ORL,2024-02-29,,UTA,W 115-107
231,UTA,2024-02-29,@,ORL,L 107-115
232,SAS,2024-02-29,,OKC,W 132-118
233,LAL,2024-02-29,,WAS,W 134-131 (OT)
234,NYK,2024-02-29,,GSW,L 99-110
235,DEN,2024-02-29,,MIA,W 103-97
236,MIA,2024-02-29,@,DEN,L 97-103
237,DEN,2024-02-28,,SAC,W 117-96
238,DAL,2024-02-28,@,TOR,W 136-125
239,NOP,2024-02-28,@,IND,L 114-123
240,MIN,2024-02-28,,MEM,W 110-101
241,MEM,2024-02-28,@,MIN,L 101-110
242,CLE,2024-02-28,@,CHI,L 123-132 (2OT)
243,SAC,2024-02-28,@,DEN,L 96-117
244,LAL,2024-02-28,@,LAC,W 116-112
245,CHI,2024-02-28,,CLE,W 132-123 (2OT)
246,LAC,2024-02-28,,LAL,L 112-116
247,TOR,2024-02-28,,DAL,L 125-136
248,IND,2024-02-28,,NOP,W 123-114
249,OKC,2024-02-27,,HOU,W 112-95
250,DAL,2024-02-27,@,CLE,L 119-121
251,BOS,2024-02-27,,PHI,W 117-99
252,POR,2024-02-27,,MIA,L 96-106
253,GSW,2024-02-27,@,WAS,W 123-112
254,NOP,2024-02-27,@,NYK,W 115-92
255,MIN,2024-02-27,,SAS,W 114-105
256,BRK,2024-02-27,@,ORL,L 81-108
257,WAS,2024-02-27,,GSW,L 112-123
258,CLE,2024-02-27,,DAL,W 121-119
259,DET,2024-02-27,@,CHI,W 105-95
260,MIL,2024-02-27,,CHO,W 123-85
261,HOU,2024-02-27,@,OKC,L 95-112
262,ATL,2024-02-27,,UTA,W 124-97
263,ORL,2024-02-27,,BRK,W 108-81
264,CHO,2024-02-27,@,MIL,L 85-123
265,UTA,2024-02-27,@,ATL,L 97-124
266,CHI,2024-02-27,,DET,L 95-105
267,SAS,2024-02-27,@,MIN,L 105-114
268,PHI,2024-02-27,@,BOS,L 99-117
269,NYK,2024-02-27,,NOP,L 92-115
270,MIA,2024-02-27,@,POR,W 106-96
271,MIA,2024-02-26,@,SAC,W 121-110
272,MEM,2024-02-26,,BRK,L 86-111
273,BRK,2024-02-26,@,MEM,W 111-86
274,SAC,2024-02-26,,MIA,L 110-121
275,DET,2024-02-26,@,NYK,L 111-113
276,NYK,2024-02-26,,DET,W 113-111
277,TOR,2024-02-26,@,IND,W 130-122
278,IND,2024-02-26,,TOR,L 122-130
279,OKC,2024-02-25,@,HOU,W 123-110
280,DAL,2024-02-25,@,IND,L 111-133
281,POR,2024-02-25,,CHO,L 80-93
282,GSW,2024-02-25,,DEN,L 103-119
283,NOP,2024-02-25,,CHI,L 106-114
284,WAS,2024-02-25,,CLE,L 105-114
285,CLE,2024-02-25,@,WAS,W 114-105
286,SAC,2024-02-25,@,LAC,W 123-107
287,MIL,2024-02-25,@,PHI,W 119-98
288,HOU,2024-02-25,,OKC,L 110-123
289,ATL,2024-02-25,,ORL,W 109-92
290,ORL,2024-02-25,@,ATL,L 92-109
291,CHO,2024-02-25,@,POR,W 93-80
292,PHO,2024-02-25,,LAL,W 123-113
293,LAL,2024-02-25,@,PHO,L 113-123
294,UTA,2024-02-25,,SAS,W 128-109
295,CHI,2024-02-25,@,NOP,W 114-106
296,SAS,2024-02-25,@,UTA,L 109-128
297,LAC,2024-02-25,,SAC,L 107-123
298,PHI,2024-02-25,,MIL,L 98-119
299,IND,2024-02-25,,DAL,W 133-111
300,DEN,2024-02-25,@,GSW,W 119-103
301,BOS,2024-02-24,@,NYK,W 116-102
302,MIN,2024-02-24,,BRK,W 101-86
303,BRK,2024-02-24,@,MIN,L 86-101
304,DET,2024-02-24,,ORL,L 109-112
305,ORL,2024-02-24,@,DET,W 112-109
306,NYK,2024-02-24,,BOS,L 102-116
307,OKC,2024-02-23,,WAS,W 147-106
308,GSW,2024-02-23,,CHO,W 97-84
309,POR,2024-02-23,,DEN,L 112-127
310,NOP,2024-02-23,,MIA,L 95-106
311,MEM,2024-02-23,,LAC,L 95-101
312,MIN,2024-02-23,,MIL,L 107-112
313,WAS,2024-02-23,@,OKC,L 106-147
314,CLE,2024-02-23,@,PHI,L 97-104
315,MIL,2024-02-23,@,MIN,W 112-107
316,HOU,2024-02-23,,PHO,W 114-110
317,ATL,2024-02-23,,TOR,L 121-123
318,CHO,2024-02-23,@,GSW,L 84-97
319,PHO,2024-02-23,@,HOU,L 110-114
320,LAL,2024-02-23,,SAS,W 123-118
321,SAS,2024-02-23,@,LAL,L 118-123
322,LAC,2024-02-23,@,MEM,W 101-95
323,PHI,2024-02-23,,CLE,W 104-97
324,TOR,2024-02-23,@,ATL,W 123-121
325,DEN,2024-02-23,@,POR,W 127-112
326,MIA,2024-02-23,@,NOP,W 106-95
327,DEN,2024-02-22,,WAS,W 130-110
328,OKC,2024-02-22,,LAC,W 129-107
329,DAL,2024-02-22,,PHO,W 123-113
330,GSW,2024-02-22,,LAL,W 128-110
331,BOS,2024-02-22,@,CHI,W 129-112
332,NOP,2024-02-22,,HOU,W 127-105
333,WAS,2024-02-22,@,DEN,L 110-130
334,CLE,2024-02-22,,ORL,L 109-116
335,SAC,2024-02-22,,SAS,W 127-122
336,BRK,2024-02-22,@,TOR,L 93-121
337,DET,2024-02-22,@,IND,L 115-129
338,ORL,2024-02-22,@,CLE,W 116-109
339,HOU,2024-02-22,@,NOP,L 105-127
340,LAL,2024-02-22,@,GSW,L 110-128
341,CHO,2024-02-22,@,UTA,W 115-107
342,PHO,2024-02-22,@,DAL,L 113-123
343,CHI,2024-02-22,,BOS,L 112-129
344,UTA,2024-02-22,,CHO,L 107-115
345,SAS,2024-02-22,@,SAC,L 122-127
346,LAC,2024-02-22,@,OKC,L 107-129
347,PHI,2024-02-22,,NYK,L 96-110
348,TOR,2024-02-22,,BRK,W 121-93
349,IND,2024-02-22,,DET,W 129-115
350,NYK,2024-02-22,@,PHI,W 110-96
351,GSW,2024-02-15,@,UTA,W 140-137
352,POR,2024-02-15,,MIN,L 91-128
353,MEM,2024-02-15,,MIL,W 113-110
354,MIN,2024-02-15,@,POR,W 128-91
355,MIL,2024-02-15,@,MEM,L 110-113
356,UTA,2024-02-15,,GSW,L 137-140
357,GSW,2024-02-14,,LAC,L 125-130
358,DAL,2024-02-14,,SAS,W 116-93
359,BOS,2024-02-14,,BRK,W 136-86
360,NOP,2024-02-14,,WAS,W 133-126
361,WAS,2024-02-14,@,NOP,L 126-133
362,MEM,2024-02-14,,HOU,W 121-113
363,SAC,2024-02-14,@,DEN,W 102-98
364,CLE,2024-02-14,,CHI,W 108-105
365,BRK,2024-02-14,@,BOS,L 86-136
366,DET,2024-02-14,@,PHO,L 100-116
367,ORL,2024-02-14,,NYK,W 118-100
368,HOU,2024-02-14,@,MEM,L 113-121
369,ATL,2024-02-14,@,CHO,L 99-122
370,LAL,2024-02-14,@,UTA,W 138-122
371,CHO,2024-02-14,,ATL,W 122-99
372,CHI,2024-02-14,@,CLE,L 105-108
373,UTA,2024-02-14,,LAL,L 122-138
374,SAS,2024-02-14,@,DAL,L 93-116
375,LAC,2024-02-14,@,GSW,W 130-125
376,PHO,2024-02-14,,DET,W 116-100
377,IND,2024-02-14,@,TOR,W 127-125
378,PHI,2024-02-14,,MIA,L 104-109
379,TOR,2024-02-14,,IND,L 125-127
380,NYK,2024-02-14,@,ORL,L 100-118
381,DEN,2024-02-14,,SAC,L 98-102
382,MIA,2024-02-14,@,PHI,W 109-104
383,MIA,2024-02-13,@,MIL,W 123-97
384,OKC,2024-02-13,@,ORL,W 127-113
385,DET,2024-02-13,@,LAL,L 111-125
386,PHO,2024-02-13,,SAC,W 130-125
387,POR,2024-02-13,,MIN,L 109-121
388,BOS,2024-02-13,@,BRK,W 118-110
389,MIN,2024-02-13,@,POR,W 121-109
390,SAC,2024-02-13,@,PHO,L 125-130
391,BRK,2024-02-13,,BOS,L 110-118
392,MIL,2024-02-13,,MIA,L 97-123
393,ORL,2024-02-13,,OKC,L 113-127
394,LAL,2024-02-13,,DET,W 125-111
395,NYK,2024-02-12,@,HOU,L 103-105
396,GSW,2024-02-12,@,UTA,W 129-107
397,DAL,2024-02-12,,WAS,W 112-104
398,WAS,2024-02-12,@,DAL,L 104-112
399,NOP,2024-02-12,@,MEM,W 96-87
400,MEM,2024-02-12,,NOP,L 87-96
401,NOP,2024-02-12,@,MEM,W 96-87
402,CHO,2024-02-12,,IND,W 111-102
403,IND,2024-02-12,@,CHO,L 102-111
404,CLE,2024-02-12,,PHI,L 121-123
405,TOR,2024-02-12,,SAS,L 99-122
406,MIL,2024-02-12,,DEN,W 112-95
407,LAC,2024-02-12,,MIN,L 100-121
408,WAS,2024-02-12,@,DAL,L 104-112
409,DAL,2024-02-12,,WAS,W 112-104
410,PHI,2024-02-12,@,CLE,W 123-121
411,MIN,2024-02-12,@,LAC,W 121-100
412,NYK,2024-02-12,@,HOU,L 103-105
413,GSW,2024-02-12,@,UTA,W 129-107
414,ATL,2024-02-12,,CHI,L 126-136
415,MIA,2024-02-11,,BOS,L 106-110
416,SAC,2024-02-11,@,OKC,L 113-127
417,OKC,2024-02-11,,SAC,W 127-113
418,BOS,2024-02-11,@,MIA,W 110-106
419,MEM,2024-02-10,@,CHO,L 106-115
420,SAS,2024-02-10,@,BRK,L 103-123
421,CHI,2024-02-10,@,ORL,L 108-114 (OT)
422,HOU,2024-02-10,@,ATL,L 113-122
423,OKC,2024-02-10,@,DAL,L 111-146
424,ORL,2024-02-10,,CHI,W 114-108 (OT)
425,POR,2024-02-10,,NOP,L 84-93
426,NOP,2024-02-10,@,POR,W 93-84
427,CHO,2024-02-10,,MEM,W 115-106
428,DET,2024-02-10,@,LAC,L 106-112
429,IND,2024-02-10,@,NYK,W 125-111
430,CLE,2024-02-10,@,TOR,W 119-95
431,BRK,2024-02-10,,SAS,W 123-103
432,TOR,2024-02-10,,CLE,L 95-119
433,LAC,2024-02-10,,DET,W 112-106
434,WAS,2024-02-10,,PHI,L 113-119
435,DAL,2024-02-10,,OKC,W 146-111
436,PHI,2024-02-10,@,WAS,W 119-113
437,PHO,2024-02-10,@,GSW,L 112-113
438,NYK,2024-02-10,,IND,L 111-125
439,GSW,2024-02-10,,PHO,W 113-112
440,ATL,2024-02-10,,HOU,W 122-113
441,ATL,2024-02-09,@,PHI,W 127-121
442,SAC,2024-02-09,,DEN,W 135-106
443,HOU,2024-02-09,@,TOR,L 104-107
444,DEN,2024-02-09,@,SAC,L 106-135
445,BOS,2024-02-09,,WAS,W 133-129
446,NOP,2024-02-09,@,LAL,L 122-139
447,CHO,2024-02-09,@,MIL,L 84-120
448,TOR,2024-02-09,,HOU,W 107-104
449,MIL,2024-02-09,,CHO,W 120-84
450,WAS,2024-02-09,@,BOS,L 129-133
451,PHI,2024-02-09,,ATL,L 121-127
452,LAL,2024-02-09,,NOP,W 139-122
453,UTA,2024-02-08,@,PHO,L 115-129
454,MEM,2024-02-08,,CHI,L 110-118
455,SAS,2024-02-08,@,ORL,L 111-127
456,CHI,2024-02-08,@,MEM,W 118-110
457,ORL,2024-02-08,,SAS,W 127-111
458,DEN,2024-02-08,@,LAL,W 114-106
459,POR,2024-02-08,,DET,L 122-128 (OT)
460,DET,2024-02-08,@,POR,W 128-122 (OT)
461,IND,2024-02-08,,GSW,L 109-131
462,CLE,2024-02-08,@,BRK,W 118-95
463,BRK,2024-02-08,,CLE,L 95-118
464,MIL,2024-02-08,,MIN,L 105-129
465,DAL,2024-02-08,@,NYK,W 122-108
466,LAL,2024-02-08,,DEN,L 106-114
467,MIN,2024-02-08,@,MIL,W 129-105
468,PHO,2024-02-08,,UTA,W 129-115
469,NYK,2024-02-08,,DAL,L 108-122
470,GSW,2024-02-08,@,IND,W 131-109
471,GSW,2024-02-07,@,PHI,W 127-104
472,ATL,2024-02-07,@,BOS,L 117-125
473,MIA,2024-02-07,,SAS,W 116-104
474,SAS,2024-02-07,@,MIA,L 104-116
475,SAC,2024-02-07,,DET,L 120-133
476,BOS,2024-02-07,,ATL,W 125-117
477,CHO,2024-02-07,,TOR,L 117-123
478,NOP,2024-02-07,@,LAC,W 117-106
479,DET,2024-02-07,@,SAC,W 133-120
480,CLE,2024-02-07,@,WAS,W 114-106
481,TOR,2024-02-07,@,CHO,W 123-117
482,LAC,2024-02-07,,NOP,L 106-117
483,WAS,2024-02-07,,CLE,L 106-114
484,PHI,2024-02-07,,GSW,L 104-127
485,UTA,2024-02-06,,OKC,W 124-117
486,MEM,2024-02-06,@,NYK,L 113-123
487,MIA,2024-02-06,,ORL,W 121-95
488,CHI,2024-02-06,,MIN,W 129-123 (OT)
489,HOU,2024-02-06,@,IND,L 129-132
490,OKC,2024-02-06,@,UTA,L 117-124
491,ORL,2024-02-06,@,MIA,L 95-121
492,IND,2024-02-06,,HOU,W 132-129
493,BRK,2024-02-06,,DAL,L 107-119
494,MIL,2024-02-06,@,PHO,L 106-114
495,DAL,2024-02-06,@,BRK,W 119-107
496,MIN,2024-02-06,@,CHI,L 123-129 (OT)
497,PHO,2024-02-06,,MIL,W 114-106
498,NYK,2024-02-06,,MEM,W 123-113
499,SAC,2024-02-05,@,CLE,L 110-136
500,CHO,2024-02-05,,LAL,L 118-124
501,NOP,2024-02-05,,TOR,W 138-100
502,CLE,2024-02-05,,SAC,W 136-110
503,BRK,2024-02-05,,GSW,L 98-109
504,TOR,2024-02-05,@,NOP,L 100-138
505,LAC,2024-02-05,@,ATL,W 149-144
506,DAL,2024-02-05,@,PHI,W 118-102
507,PHI,2024-02-05,,DAL,L 102-118
508,LAL,2024-02-05,@,CHO,W 124-118
509,GSW,2024-02-05,@,BRK,W 109-98
510,ATL,2024-02-05,,LAC,L 144-149
511,UTA,2024-02-04,,MIL,W 123-108
512,MIA,2024-02-04,,LAC,L 95-103
513,OKC,2024-02-04,,TOR,W 135-127 (2OT)
514,ORL,2024-02-04,@,DET,W 111-99
515,DEN,2024-02-04,,POR,W 112-103
516,POR,2024-02-04,@,DEN,L 103-112
517,BOS,2024-02-04,,MEM,W 131-91
518,IND,2024-02-04,@,CHO,W 115-99
519,TOR,2024-02-04,@,OKC,L 127-135 (2OT)
520,LAC,2024-02-04,@,MIA,W 103-95
521,WAS,2024-02-04,,PHO,L 112-140
522,MEM,2024-02-04,@,BOS,L 91-131
523,DET,2024-02-04,,ORL,L 99-111
524,HOU,2024-02-04,@,MIN,L 90-111
525,MIL,2024-02-04,@,UTA,L 108-123
526,CHO,2024-02-04,,IND,L 99-115
527,PHO,2024-02-04,@,WAS,W 140-112
528,MIN,2024-02-04,,HOU,W 111-90
529,CLE,2024-02-03,@,SAS,W 117-101
530,CHI,2024-02-03,,SAC,L 115-123
531,BRK,2024-02-03,@,PHI,W 136-121
532,MIL,2024-02-03,@,DAL,W 129-117
533,NYK,2024-02-03,,LAL,L 105-113
534,SAC,2024-02-03,@,CHI,W 123-115
535,LAL,2024-02-03,@,NYK,W 113-105
536,SAS,2024-02-03,,CLE,L 101-117
537,DAL,2024-02-03,,MIL,L 117-129
538,PHI,2024-02-03,,BRK,L 121-136
539,GSW,2024-02-03,@,ATL,L 134-141 (OT)
540,ATL,2024-02-03,,GSW,W 141-134 (OT)
541,GSW,2024-02-02,@,MEM,W 121-101
542,ATL,2024-02-02,,PHO,W 129-120
543,DEN,2024-02-02,,POR,W 120-108
544,TOR,2024-02-02,@,HOU,L 106-135
545,IND,2024-02-02,,SAC,L 122-133
546,DET,2024-02-02,,LAC,L 125-136
547,HOU,2024-02-02,,TOR,W 135-106
548,SAC,2024-02-02,@,IND,W 133-122
549,LAC,2024-02-02,@,DET,W 136-125
550,OKC,2024-02-02,,CHO,W 126-106
551,NOP,2024-02-02,@,SAS,W 114-113
552,ORL,2024-02-02,@,MIN,W 108-106
553,MEM,2024-02-02,,GSW,L 101-121
554,CHO,2024-02-02,@,OKC,L 106-126
555,MIA,2024-02-02,@,WAS,W 110-102
556,PHO,2024-02-02,@,ATL,L 120-129
557,MIN,2024-02-02,,ORL,L 106-108
558,WAS,2024-02-02,,MIA,L 102-110
559,SAS,2024-02-02,,NOP,L 113-114
560,POR,2024-02-02,@,DEN,L 108-120
561,CLE,2024-02-01,@,MEM,W 108-101
562,IND,2024-02-01,@,NYK,L 105-109
563,NYK,2024-02-01,,IND,W 109-105
564,MEM,2024-02-01,,CLE,L 101-108
565,LAL,2024-02-01,@,BOS,W 114-105
566,BOS,2024-02-01,,LAL,L 105-114
567,UTA,2024-02-01,,PHI,L 124-127
568,PHI,2024-02-01,@,UTA,W 127-124
569,CHI,2024-01-31,@,CHO,W 117-110
570,DEN,2024-01-31,@,OKC,L 100-105
571,CLE,2024-01-31,,DET,W 128-121
572,BRK,2024-01-31,,PHO,L 120-136
573,DET,2024-01-31,@,CLE,L 121-128
574,HOU,2024-01-31,,NOP,L 99-110
575,MIL,2024-01-31,@,POR,L 116-119
576,SAC,2024-01-31,@,MIA,L 106-115
577,LAC,2024-01-31,@,WAS,W 125-109
578,OKC,2024-01-31,,DEN,W 105-100
579,NOP,2024-01-31,@,HOU,W 110-99
580,WAS,2024-01-31,,LAC,L 109-125
581,PHO,2024-01-31,@,BRK,W 136-120
582,MIA,2024-01-31,,SAC,W 115-106
583,MIN,2024-01-31,,DAL,W 121-87
584,CHO,2024-01-31,,CHI,L 110-117
585,SAS,2024-01-31,,ORL,L 98-108
586,DAL,2024-01-31,@,MIN,L 87-121
587,POR,2024-01-31,,MIL,W 119-116
588,ORL,2024-01-31,@,SAS,W 108-98
589,CHI,2024-01-30,,TOR,L 107-118
590,UTA,2024-01-30,@,NYK,L 103-118
591,TOR,2024-01-30,@,CHI,W 118-107
592,IND,2024-01-30,@,BOS,L 124-129
593,NYK,2024-01-30,,UTA,W 118-103
594,LAL,2024-01-30,@,ATL,L 122-138
595,BOS,2024-01-30,,IND,W 129-124
596,PHI,2024-01-30,@,GSW,L 107-119
597,GSW,2024-01-30,,PHI,W 119-107
598,ATL,2024-01-30,,LAL,W 138-122
599,DAL,2024-01-29,,ORL,W 131-129
600,CLE,2024-01-29,,LAC,W 118-108
601,UTA,2024-01-29,@,BRK,L 114-147
602,ORL,2024-01-29,@,DAL,L 129-131
603,BOS,2024-01-29,,NOP,W 118-112
604,SAC,2024-01-29,@,MEM,W 103-94
605,CHO,2024-01-29,,NYK,L 92-113
606,OKC,2024-01-29,,MIN,L 101-107
607,CLE,2024-01-29,,LAC,W 118-108
608,MEM,2024-01-29,,SAC,L 94-103
609,DEN,2024-01-29,,MIL,W 113-107
610,POR,2024-01-29,,PHI,W 130-104
611,NOP,2024-01-29,@,BOS,L 112-118
612,WAS,2024-01-29,@,SAS,W 118-113
613,BRK,2024-01-29,,UTA,W 147-114
614,NYK,2024-01-29,@,CHO,W 113-92
615,PHO,2024-01-29,@,MIA,W 118-105
616,MIN,2024-01-29,@,OKC,W 107-101
617,PHI,2024-01-29,@,POR,L 104-130
618,MIL,2024-01-29,@,DEN,L 107-113
619,SAS,2024-01-29,,WAS,L 113-118
620,HOU,2024-01-29,,LAL,W 135-119
621,DAL,2024-01-29,,ORL,W 131-129
622,MIA,2024-01-29,,PHO,L 105-118
623,ATL,2024-01-28,,TOR,W 126-125
624,CHI,2024-01-28,@,POR,W 104-96
625,DET,2024-01-28,,OKC,W 120-104
626,ORL,2024-01-28,,PHO,W 113-98
627,OKC,2024-01-28,@,DET,L 104-120
628,MEM,2024-01-28,@,IND,L 110-116
629,IND,2024-01-28,,MEM,W 116-110
630,POR,2024-01-28,,CHI,L 96-104
631,PHO,2024-01-28,@,ORL,L 98-113
632,TOR,2024-01-28,@,ATL,L 125-126
633,LAL,2024-01-27,@,GSW,W 145-144 (2OT)
634,DET,2024-01-27,,WAS,L 104-118
635,LAC,2024-01-27,@,BOS,W 115-96
636,UTA,2024-01-27,@,CHO,W 134-122
637,BOS,2024-01-27,,LAC,L 96-115
638,SAC,2024-01-27,@,DAL,W 120-115
639,CHO,2024-01-27,,UTA,L 122-134
640,DEN,2024-01-27,,PHI,W 111-105
641,GSW,2024-01-27,,LAL,L 144-145 (2OT)
642,NOP,2024-01-27,@,MIL,L 117-141
643,WAS,2024-01-27,@,DET,W 118-104
644,BRK,2024-01-27,,HOU,W 106-104
645,NYK,2024-01-27,,MIA,W 125-109
646,MIN,2024-01-27,@,SAS,L 112-113
647,PHI,2024-01-27,@,DEN,L 105-111
648,MIL,2024-01-27,,NOP,W 141-117
649,SAS,2024-01-27,,MIN,W 113-112
650,HOU,2024-01-27,@,BRK,L 104-106
651,DAL,2024-01-27,,SAC,L 115-120
652,MIA,2024-01-27,@,NYK,L 109-125
653,ATL,2024-01-26,,DAL,L 143-148
654,LAC,2024-01-26,@,TOR,W 127-107
655,ORL,2024-01-26,@,MEM,L 106-107
656,CHO,2024-01-26,,HOU,L 104-138
657,OKC,2024-01-26,@,NOP,W 107-83
658,CLE,2024-01-26,@,MIL,W 112-100
659,MEM,2024-01-26,,ORL,W 107-106
660,IND,2024-01-26,,PHO,W 133-131
661,POR,2024-01-26,@,SAS,L 100-116
662,NOP,2024-01-26,,OKC,L 83-107
663,PHO,2024-01-26,@,IND,L 131-133
664,TOR,2024-01-26,,LAC,L 107-127
665,MIL,2024-01-26,,CLE,L 100-112
666,SAS,2024-01-26,,POR,W 116-100
667,HOU,2024-01-26,@,CHO,W 138-104
668,DAL,2024-01-26,@,ATL,W 148-143
669,CHI,2024-01-25,@,LAL,L 132-141
670,LAL,2024-01-25,,CHI,W 141-132
671,UTA,2024-01-25,@,WAS,W 123-108
672,BOS,2024-01-25,@,MIA,W 143-110
673,SAC,2024-01-25,@,GSW,W 134-133
674,DEN,2024-01-25,@,NYK,L 84-122
675,IND,2024-01-25,,PHI,W 134-122
676,GSW,2024-01-25,,SAC,L 133-134
677,WAS,2024-01-25,,UTA,L 108-123
678,BRK,2024-01-25,,MIN,L 94-96
679,NYK,2024-01-25,,DEN,W 122-84
680,PHI,2024-01-25,@,IND,L 122-134
681,MIN,2024-01-25,@,BRK,W 96-94
682,MIA,2024-01-25,,BOS,L 110-143
683,MIA,2024-01-24,,MEM,L 96-105
684,ATL,2024-01-24,@,GSW,L 112-134
685,DET,2024-01-24,,CHO,W 113-106
686,CHO,2024-01-24,@,DET,L 106-113
687,OKC,2024-01-24,@,SAS,W 140-114
688,CLE,2024-01-24,@,MIL,L 116-126
689,MEM,2024-01-24,@,MIA,W 105-96
690,GSW,2024-01-24,,ATL,W 134-112
691,POR,2024-01-24,@,HOU,W 137-131 (OT)
692,WAS,2024-01-24,,MIN,L 107-118
693,PHO,2024-01-24,@,DAL,W 132-109
694,MIN,2024-01-24,@,WAS,W 118-107
695,MIL,2024-01-24,,CLE,W 126-116
696,SAS,2024-01-24,,OKC,L 114-140
697,HOU,2024-01-24,,POR,L 131-137 (OT)
698,DAL,2024-01-24,,PHO,L 109-132
699,LAL,2024-01-23,@,LAC,L 116-127
700,LAC,2024-01-23,,LAL,W 127-116
701,UTA,2024-01-23,@,NOP,L 124-153
702,OKC,2024-01-23,,POR,W 111-109
703,DEN,2024-01-23,@,IND,W 114-109
704,IND,2024-01-23,,DEN,L 109-114
705,POR,2024-01-23,@,OKC,L 109-111
706,NOP,2024-01-23,,UTA,W 153-124
707,NYK,2024-01-23,@,BRK,W 108-103
708,BRK,2024-01-23,,NYK,L 103-108
709,CHI,2024-01-22,@,PHO,L 113-115
710,DET,2024-01-22,,MIL,L 113-122
711,ORL,2024-01-22,,CLE,L 99-126
712,BOS,2024-01-22,@,DAL,W 119-110
713,SAC,2024-01-22,,ATL,W 122-107
714,CHO,2024-01-22,@,MIN,W 128-125
715,CLE,2024-01-22,@,ORL,W 126-99
716,MEM,2024-01-22,@,TOR,W 108-100
717,PHO,2024-01-22,,CHI,W 115-113
718,PHI,2024-01-22,,SAS,W 133-123
719,MIN,2024-01-22,,CHO,L 125-128
720,TOR,2024-01-22,,MEM,L 100-108
721,MIL,2024-01-22,@,DET,W 122-113
722,SAS,2024-01-22,@,PHI,L 123-133
723,DAL,2024-01-22,,BOS,L 110-119
724,ATL,2024-01-22,@,SAC,L 107-122
725,MIA,2024-01-21,@,ORL,L 87-105
726,LAL,2024-01-21,,POR,W 134-110
727,LAC,2024-01-21,,BRK,W 125-114
728,ORL,2024-01-21,,MIA,W 105-87
729,BOS,2024-01-21,@,HOU,W 116-107
730,IND,2024-01-21,@,PHO,L 110-117
731,DEN,2024-01-21,@,WAS,W 113-104
732,POR,2024-01-21,@,LAL,L 110-134
733,WAS,2024-01-21,,DEN,L 104-113
734,PHO,2024-01-21,,IND,W 117-110
735,BRK,2024-01-21,@,LAC,L 114-125
736,HOU,2024-01-21,,BOS,L 107-116
737,CHI,2024-01-20,,MEM,W 125-96
738,OKC,2024-01-20,@,MIN,W 102-97
739,CLE,2024-01-20,@,ATL,W 116-95
740,WAS,2024-01-20,,SAS,L 127-131
741,MIN,2024-01-20,,OKC,L 97-102
742,TOR,2024-01-20,@,NYK,L 100-126
743,MIL,2024-01-20,@,DET,W 141-135
744,SAS,2024-01-20,@,WAS,W 131-127
745,MEM,2024-01-20,@,CHI,L 96-125
746,CHO,2024-01-20,,PHI,L 89-97
747,HOU,2024-01-20,,UTA,W 127-126 (OT)
748,NYK,2024-01-20,,TOR,W 126-100
749,PHI,2024-01-20,@,CHO,W 97-89
750,DET,2024-01-20,,MIL,L 135-141
751,UTA,2024-01-20,@,HOU,L 126-127 (OT)
752,ATL,2024-01-20,,CLE,L 95-116
753,MIA,2024-01-19,,ATL,L 108-109
754,ATL,2024-01-19,@,MIA,W 109-108
755,DEN,2024-01-19,@,BOS,W 102-100
756,IND,2024-01-19,@,POR,L 115-118
757,POR,2024-01-19,,IND,W 118-115
758,LAL,2024-01-19,,BRK,L 112-130
759,NOP,2024-01-19,,PHO,L 109-123
760,CHO,2024-01-19,,SAS,W 124-120
761,PHO,2024-01-19,@,NOP,W 123-109
762,BRK,2024-01-19,@,LAL,W 130-112
763,SAS,2024-01-19,@,CHO,L 120-124
764,BOS,2024-01-19,,DEN,L 100-102
765,PHI,2024-01-19,@,ORL,W 124-109
766,ORL,2024-01-19,,PHI,L 109-124
767,IND,2024-01-18,@,SAC,W 126-121
768,MEM,2024-01-18,@,MIN,L 103-118
769,OKC,2024-01-18,@,UTA,W 134-129
770,WAS,2024-01-18,@,NYK,L 109-113
771,SAC,2024-01-18,,IND,L 121-126
772,NYK,2024-01-18,,WAS,W 113-109
773,MIN,2024-01-18,,MEM,W 118-103
774,CHI,2024-01-18,@,TOR,W 116-110
775,TOR,2024-01-18,,CHI,L 110-116
776,UTA,2024-01-18,,OKC,L 129-134
777,POR,2024-01-17,,BRK,W 105-103
778,DAL,2024-01-17,@,LAL,L 110-127
779,LAL,2024-01-17,,DAL,W 127-110
780,CLE,2024-01-17,,MIL,W 135-95
781,NOP,2024-01-17,,CHO,W 132-112
782,HOU,2024-01-17,@,NYK,L 94-109
783,NYK,2024-01-17,,HOU,W 109-94
784,BRK,2024-01-17,@,POR,L 103-105
785,CHO,2024-01-17,@,NOP,L 112-132
786,SAS,2024-01-17,@,BOS,L 98-117
787,BOS,2024-01-17,,SAS,W 117-98
788,MIN,2024-01-17,@,DET,W 124-117
789,ORL,2024-01-17,@,ATL,L 104-106
790,TOR,2024-01-17,,MIA,W 121-97
791,DET,2024-01-17,,MIN,L 117-124
792,MIL,2024-01-17,@,CLE,L 95-135
793,MIA,2024-01-17,@,TOR,L 97-121
794,ATL,2024-01-17,,ORL,W 106-104
795,DEN,2024-01-16,@,PHI,L 121-126
796,OKC,2024-01-16,@,LAC,L 117-128
797,LAC,2024-01-16,,OKC,W 128-117
798,SAC,2024-01-16,@,PHO,L 117-119
799,PHO,2024-01-16,,SAC,W 119-117
800,PHI,2024-01-16,,DEN,W 126-121
801,ORL,2024-01-15,@,NYK,W 98-94
802,BOS,2024-01-15,@,TOR,W 105-96
803,CLE,2024-01-15,,CHI,W 109-91
804,IND,2024-01-15,@,UTA,L 105-132
805,DET,2024-01-15,@,WAS,W 129-117
806,MIA,2024-01-15,@,BRK,W 96-95 (OT)
807,ATL,2024-01-15,,SAS,W 109-99
808,CHI,2024-01-15,@,CLE,L 91-109
809,NYK,2024-01-15,,ORL,L 94-98
810,WAS,2024-01-15,,DET,L 117-129
811,SAS,2024-01-15,@,ATL,L 99-109
812,LAL,2024-01-15,,OKC,W 112-105
813,PHI,2024-01-15,,HOU,W 124-115
814,MEM,2024-01-15,,GSW,W 116-107
815,GSW,2024-01-15,@,MEM,L 107-116
816,TOR,2024-01-15,,BOS,L 96-105
817,BRK,2024-01-15,,MIA,L 95-96 (OT)
818,UTA,2024-01-15,,IND,W 132-105
819,NOP,2024-01-15,@,DAL,L 120-125
820,HOU,2024-01-15,@,PHI,L 115-124
821,OKC,2024-01-15,@,LAL,L 105-112
822,DAL,2024-01-15,,NOP,W 125-120
823,MIL,2024-01-14,,SAC,W 143-142 (OT)
824,MIN,2024-01-14,,LAC,W 109-105
825,PHO,2024-01-14,@,POR,W 127-116
826,DEN,2024-01-14,,IND,W 117-109
827,LAC,2024-01-14,@,MIN,L 105-109
828,IND,2024-01-14,@,DEN,L 109-117
829,MIA,2024-01-14,,CHO,W 104-87
830,CHO,2024-01-14,@,MIA,L 87-104
831,POR,2024-01-14,,PHO,L 116-127
832,SAC,2024-01-14,@,MIL,L 142-143 (OT)
833,ORL,2024-01-13,@,OKC,L 100-112
834,BOS,2024-01-13,,HOU,W 145-113
835,ATL,2024-01-13,,WAS,L 99-127
836,CHI,2024-01-13,@,SAS,W 122-116
837,NYK,2024-01-13,@,MEM,W 106-94
838,WAS,2024-01-13,@,ATL,W 127-99
839,SAS,2024-01-13,,CHI,L 116-122
840,LAL,2024-01-13,@,UTA,L 125-132
841,MEM,2024-01-13,,NYK,L 94-106
842,GSW,2024-01-13,@,MIL,L 118-129
843,UTA,2024-01-13,,LAL,W 132-125
844,NOP,2024-01-13,@,DAL,W 118-108
845,HOU,2024-01-13,@,BOS,L 113-145
846,OKC,2024-01-13,,ORL,W 112-100
847,DAL,2024-01-13,,NOP,L 108-118
848,MIL,2024-01-13,,GSW,W 129-118
849,MIN,2024-01-12,,POR,W 116-93
850,ORL,2024-01-12,@,MIA,L 96-99
851,DEN,2024-01-12,,NOP,W 125-113
852,LAC,2024-01-12,@,MEM,W 128-119
853,IND,2024-01-12,@,ATL,W 126-108
854,DET,2024-01-12,,HOU,L 110-112
855,MIA,2024-01-12,,ORL,W 99-96
856,ATL,2024-01-12,,IND,L 108-126
857,CHI,2024-01-12,,GSW,L 131-140
858,SAS,2024-01-12,,CHO,W 135-99
859,PHI,2024-01-12,,SAC,W 112-93
860,CHO,2024-01-12,@,SAS,L 99-135
861,MEM,2024-01-12,,LAC,L 119-128
862,GSW,2024-01-12,@,CHI,W 140-131
863,TOR,2024-01-12,@,UTA,L 113-145
864,UTA,2024-01-12,,TOR,W 145-113
865,NOP,2024-01-12,@,DEN,L 113-125
866,HOU,2024-01-12,@,DET,W 112-110
867,POR,2024-01-12,@,MIN,L 93-116
868,SAC,2024-01-12,@,PHI,L 93-112
869,PHO,2024-01-11,@,LAL,W 127-109
870,BOS,2024-01-11,@,MIL,L 102-135
871,CLE,2024-01-11,,BRK,W 111-102
872,NYK,2024-01-11,@,DAL,L 124-128
873,LAL,2024-01-11,,PHO,L 109-127
874,BRK,2024-01-11,@,CLE,L 102-111
875,POR,2024-01-11,@,OKC,L 77-139
876,OKC,2024-01-11,,POR,W 139-77
877,DAL,2024-01-11,,NYK,W 128-124
878,MIL,2024-01-11,,BOS,W 135-102
879,MIN,2024-01-10,@,BOS,L 120-127 (OT)
880,DEN,2024-01-10,@,UTA,L 111-124
881,LAC,2024-01-10,,TOR,W 126-120
882,BOS,2024-01-10,,MIN,W 127-120 (OT)
883,IND,2024-01-10,,WAS,W 112-104
884,DET,2024-01-10,,SAS,L 108-130
885,MIA,2024-01-10,,OKC,L 120-128
886,ATL,2024-01-10,,PHI,W 139-132 (OT)
887,CHI,2024-01-10,,HOU,W 124-119 (OT)
888,WAS,2024-01-10,@,IND,L 104-112
889,SAS,2024-01-10,@,DET,W 130-108
890,PHI,2024-01-10,@,ATL,L 132-139 (OT)
891,CHO,2024-01-10,,SAC,L 98-123
892,GSW,2024-01-10,,NOP,L 105-141
893,TOR,2024-01-10,@,LAC,L 120-126
894,UTA,2024-01-10,,DEN,W 124-111
895,NOP,2024-01-10,@,GSW,W 141-105
896,HOU,2024-01-10,@,CHI,L 119-124 (OT)
897,OKC,2024-01-10,@,MIA,W 128-120
898,SAC,2024-01-10,@,CHO,W 123-98
899,MIN,2024-01-09,@,ORL,W 113-92
900,ORL,2024-01-09,,MIN,L 92-113
901,DET,2024-01-09,,SAC,L 110-131
902,NYK,2024-01-09,,POR,W 112-84
903,LAL,2024-01-09,,TOR,W 132-131
904,MEM,2024-01-09,@,DAL,W 120-103
905,TOR,2024-01-09,@,LAL,L 131-132
906,POR,2024-01-09,@,NYK,L 84-112
907,SAC,2024-01-09,@,DET,W 131-110
908,DAL,2024-01-09,,MEM,L 103-120
909,MIL,2024-01-08,,UTA,L 116-132
910,PHO,2024-01-08,@,LAC,L 111-138
911,LAC,2024-01-08,,PHO,W 138-111
912,BOS,2024-01-08,@,IND,L 131-133
913,IND,2024-01-08,,BOS,W 133-131
914,MIA,2024-01-08,,HOU,W 120-113
915,CHI,2024-01-08,@,CHO,W 119-112 (OT)
916,WAS,2024-01-08,,OKC,L 128-136
917,CHO,2024-01-08,,CHI,L 112-119 (OT)
918,UTA,2024-01-08,@,MIL,W 132-116
919,HOU,2024-01-08,@,MIA,L 113-120
920,OKC,2024-01-08,@,WAS,W 136-128
921,MIN,2024-01-07,@,DAL,L 108-115
922,ORL,2024-01-07,,ATL,W 117-110 (OT)
923,PHO,2024-01-07,,MEM,L 115-121
924,DEN,2024-01-07,,DET,W 131-114
925,LAC,2024-01-07,@,LAL,L 103-106
926,CLE,2024-01-07,,SAS,W 117-115
927,DET,2024-01-07,@,DEN,L 114-131
928,ATL,2024-01-07,@,ORL,L 110-117 (OT)
929,SAS,2024-01-07,@,CLE,L 115-117
930,LAL,2024-01-07,,LAC,W 106-103
931,MEM,2024-01-07,@,PHO,W 121-115
932,GSW,2024-01-07,,TOR,L 118-133
933,TOR,2024-01-07,@,GSW,W 133-118
934,BRK,2024-01-07,,POR,L 127-134 (OT)
935,NOP,2024-01-07,@,SAC,W 133-100
936,POR,2024-01-07,@,BRK,W 134-127 (OT)
937,SAC,2024-01-07,,NOP,L 100-133
938,DAL,2024-01-07,,MIN,W 115-108
939,MIL,2024-01-06,@,HOU,L 108-112
940,BOS,2024-01-06,@,IND,W 118-101
941,IND,2024-01-06,,BOS,L 101-118
942,NYK,2024-01-06,@,WAS,W 121-105
943,WAS,2024-01-06,,NYK,L 105-121
944,PHI,2024-01-06,,UTA,L 109-120
945,UTA,2024-01-06,@,PHI,W 120-109
946,HOU,2024-01-06,,MIL,W 112-108
947,MIN,2024-01-05,@,HOU,W 122-95
948,ORL,2024-01-05,@,DEN,W 122-120
949,PHO,2024-01-05,,MIA,W 113-97
950,DEN,2024-01-05,,ORL,L 120-122
951,LAC,2024-01-05,@,NOP,W 111-95
952,BOS,2024-01-05,,UTA,W 126-97
953,CLE,2024-01-05,,WAS,W 114-90
954,IND,2024-01-05,,ATL,W 150-116
955,DET,2024-01-05,@,GSW,L 109-113
956,MIA,2024-01-05,@,PHO,L 97-113
957,ATL,2024-01-05,@,IND,L 116-150
958,CHI,2024-01-05,,CHO,W 104-91
959,NYK,2024-01-05,@,PHI,W 128-92
960,WAS,2024-01-05,@,CLE,L 90-114
961,LAL,2024-01-05,,MEM,L 113-127
962,PHI,2024-01-05,,NYK,L 92-128
963,CHO,2024-01-05,@,CHI,L 91-104
964,MEM,2024-01-05,@,LAL,W 127-113
965,GSW,2024-01-05,,DET,W 113-109
966,TOR,2024-01-05,@,SAC,L 130-135
967,BRK,2024-01-05,,OKC,W 124-115
968,UTA,2024-01-05,@,BOS,L 97-126
969,NOP,2024-01-05,,LAC,L 95-111
970,HOU,2024-01-05,,MIN,L 95-122
971,POR,2024-01-05,@,DAL,L 103-139
972,OKC,2024-01-05,@,BRK,L 115-124
973,SAC,2024-01-05,,TOR,W 135-130
974,DAL,2024-01-05,,POR,W 139-103
975,MIL,2024-01-04,@,SAS,W 125-121
976,DEN,2024-01-04,@,GSW,W 130-127
977,SAS,2024-01-04,,MIL,L 121-125
978,GSW,2024-01-04,,DEN,L 127-130
979,MIN,2024-01-03,,NOP,L 106-117
980,ORL,2024-01-03,@,SAC,L 135-138 (2OT)
981,PHO,2024-01-03,,LAC,L 122-131
982,LAC,2024-01-03,@,PHO,W 131-122
983,CLE,2024-01-03,,WAS,W 140-101
984,IND,2024-01-03,,MIL,W 142-130
985,DET,2024-01-03,@,UTA,L 148-154 (OT)
986,MIA,2024-01-03,@,LAL,W 110-96
987,ATL,2024-01-03,,OKC,W 141-138
988,CHI,2024-01-03,@,NYK,L 100-116
989,NYK,2024-01-03,,CHI,W 116-100
990,WAS,2024-01-03,@,CLE,L 101-140
991,LAL,2024-01-03,,MIA,L 96-110
992,MEM,2024-01-03,,TOR,L 111-116
993,TOR,2024-01-03,@,MEM,W 116-111
994,BRK,2024-01-03,@,HOU,L 101-112
995,UTA,2024-01-03,,DET,W 154-148 (OT)
996,NOP,2024-01-03,@,MIN,W 117-106
997,HOU,2024-01-03,,BRK,W 112-101
998,POR,2024-01-03,@,DAL,L 97-126
999,OKC,2024-01-03,@,ATL,L 138-141
1000,SAC,2024-01-03,,ORL,W 138-135 (2OT)
1001,CHI,2024-01-03,@,NYK,L 100-116
1002,PHO,2024-01-03,,LAC,L 122-131
1003,CHO,2024-01-02,@,SAC,W 111-104
1004,SAS,2024-01-02,@,MEM,L 98-106
1005,PHI,2024-01-02,,CHI,W 110-97
1006,GSW,2024-01-02,,ORL,W 121-115
1007,MEM,2024-01-02,,SAS,W 106-98
1008,BRK,2024-01-02,@,NOP,L 85-112
1009,BOS,2024-01-02,@,OKC,L 123-127
1010,NOP,2024-01-02,,BRK,W 112-85
1011,SAC,2024-01-02,,CHO,L 104-111
1012,OKC,2024-01-02,,BOS,W 127-123
1013,ORL,2024-01-02,@,GSW,L 115-121
1014,CHI,2024-01-02,@,PHI,L 97-110
1015,LAC,2024-01-01,,MIA,W 121-104
1016,IND,2024-01-01,@,MIL,W 122-113
1017,DAL,2024-01-01,@,UTA,L 90-127
1018,MIA,2024-01-01,@,LAC,L 104-121
1019,NYK,2024-01-01,,MIN,W 112-106
1020,TOR,2024-01-01,,CLE,W 124-121
1021,UTA,2024-01-01,,DAL,W 127-90
1022,DEN,2024-01-01,,CHO,W 111-93
1023,CLE,2024-01-01,@,TOR,L 121-124
1024,POR,2024-01-01,@,PHO,L 88-109
1025,DET,2024-01-01,@,HOU,L 113-136
1026,HOU,2024-01-01,,DET,W 136-113
1027,MIL,2024-01-01,,IND,L 113-122
1028,MIN,2024-01-01,@,NYK,L 106-112
1029,PHO,2024-01-01,,POR,W 109-88
1030,CHO,2024-01-01,@,DEN,L 93-111
1031,PHO,2023-12-31,,ORL,W 112-107
1032,WAS,2023-12-31,,ATL,L 126-130
1033,SAS,2023-12-31,,BOS,L 101-134
1034,LAL,2023-12-31,@,NOP,L 109-129
1035,MEM,2023-12-31,,SAC,L 92-123
1036,BRK,2023-12-31,@,OKC,L 108-124
1037,BOS,2023-12-31,@,SAS,W 134-101
1038,NOP,2023-12-31,,LAL,W 129-109
1039,SAC,2023-12-31,@,MEM,W 123-92
1040,ATL,2023-12-31,@,WAS,W 130-126
1041,OKC,2023-12-31,,BRK,W 124-108
1042,ORL,2023-12-31,@,PHO,L 107-112
1043,IND,2023-12-30,,NYK,W 140-126
1044,DAL,2023-12-30,@,GSW,W 132-122
1045,MIA,2023-12-30,@,UTA,L 109-117
1046,LAL,2023-12-30,@,MIN,L 106-108
1047,NYK,2023-12-30,@,IND,L 126-140
1048,TOR,2023-12-30,@,DET,L 127-129
1049,UTA,2023-12-30,,MIA,W 117-109
1050,PHI,2023-12-30,@,CHI,L 92-105
1051,GSW,2023-12-30,,DAL,L 122-132
1052,DET,2023-12-30,,TOR,W 129-127
1053,MIN,2023-12-30,,LAL,W 108-106
1054,CHI,2023-12-30,,PHI,W 105-92
1055,WAS,2023-12-29,,BRK,W 110-104
1056,SAS,2023-12-29,@,POR,L 128-134
1057,LAC,2023-12-29,,MEM,W 117-106
1058,NYK,2023-12-29,@,ORL,L 108-117
1059,TOR,2023-12-29,@,BOS,L 118-120
1060,PHI,2023-12-29,@,HOU,W 131-127
1061,DEN,2023-12-29,,OKC,L 93-119
1062,MEM,2023-12-29,@,LAC,L 106-117
1063,CLE,2023-12-29,,MIL,L 111-119
1064,BRK,2023-12-29,@,WAS,L 104-110
1065,BOS,2023-12-29,,TOR,W 120-118
1066,POR,2023-12-29,,SAS,W 134-128
1067,HOU,2023-12-29,,PHI,L 127-131
1068,SAC,2023-12-29,@,ATL,W 117-110
1069,ATL,2023-12-29,,SAC,L 110-117
1070,MIL,2023-12-29,@,CLE,W 119-111
1071,OKC,2023-12-29,@,DEN,W 119-93
1072,ORL,2023-12-29,,NYK,W 117-108
1073,PHO,2023-12-29,,CHO,W 133-119
1074,CHO,2023-12-29,@,PHO,L 119-133
1075,CHO,2023-12-28,@,LAL,L 112-133
1076,SAS,2023-12-28,@,POR,W 118-105
1077,IND,2023-12-28,@,CHI,W 120-104
1078,DAL,2023-12-28,@,MIN,L 110-118
1079,MIA,2023-12-28,@,GSW,W 114-102
1080,LAL,2023-12-28,,CHO,W 133-112
1081,UTA,2023-12-28,@,NOP,L 105-112
1082,DEN,2023-12-28,,MEM,W 142-105
1083,GSW,2023-12-28,,MIA,L 102-114
1084,MEM,2023-12-28,@,DEN,L 105-142
1085,BOS,2023-12-28,,DET,W 128-122 (OT)
1086,POR,2023-12-28,,SAS,L 105-118
1087,DET,2023-12-28,@,BOS,L 122-128 (OT)
1088,NOP,2023-12-28,,UTA,W 112-105
1089,MIN,2023-12-28,,DAL,W 118-110
1090,CHI,2023-12-28,,IND,L 104-120
1091,WAS,2023-12-27,,TOR,L 102-132
1092,DAL,2023-12-27,,CLE,L 110-113
1093,NYK,2023-12-27,@,OKC,L 120-129
1094,TOR,2023-12-27,@,WAS,W 132-102
1095,PHI,2023-12-27,@,ORL,W 112-92
1096,CLE,2023-12-27,@,DAL,W 113-110
1097,BRK,2023-12-27,,MIL,L 122-144
1098,HOU,2023-12-27,,PHO,L 113-129
1099,MIL,2023-12-27,@,BRK,W 144-122
1100,OKC,2023-12-27,,NYK,W 129-120
1101,ORL,2023-12-27,,PHI,L 92-112
1102,PHO,2023-12-27,@,HOU,W 129-113
1103,CHO,2023-12-26,@,LAC,L 104-113
1104,WAS,2023-12-26,,ORL,L 119-127
1105,SAS,2023-12-26,,UTA,L 118-130
1106,LAC,2023-12-26,,CHO,W 113-104
1107,IND,2023-12-26,@,HOU,W 123-117
1108,UTA,2023-12-26,@,SAS,W 130-118
1109,MEM,2023-12-26,@,NOP,W 116-115 (OT)
1110,BRK,2023-12-26,@,DET,W 118-112
1111,POR,2023-12-26,,SAC,W 130-113
1112,DET,2023-12-26,,BRK,L 112-118
1113,HOU,2023-12-26,,IND,L 117-123
1114,NOP,2023-12-26,,MEM,L 115-116 (OT)
1115,SAC,2023-12-26,@,POR,L 113-130
1116,ATL,2023-12-26,@,CHI,L 113-118
1117,OKC,2023-12-26,,MIN,W 129-106
1118,ORL,2023-12-26,@,WAS,W 127-119
1119,MIN,2023-12-26,@,OKC,L 106-129
1120,CHI,2023-12-26,,ATL,W 118-113
1121,DAL,2023-12-25,@,PHO,W 128-114
1122,MIA,2023-12-25,,PHI,W 119-113
1123,LAL,2023-12-25,,BOS,L 115-126
1124,NYK,2023-12-25,,MIL,W 129-122
1125,PHI,2023-12-25,@,MIA,L 113-119
1126,DEN,2023-12-25,,GSW,W 120-114
1127,GSW,2023-12-25,@,DEN,L 114-120
1128,BOS,2023-12-25,@,LAL,W 126-115
1129,MIL,2023-12-25,@,NYK,L 122-129
1130,PHO,2023-12-25,,DAL,L 114-128
1131,CHO,2023-12-23,,DEN,L 95-102
1132,SAS,2023-12-23,@,DAL,L 119-144
1133,LAC,2023-12-23,,BOS,L 108-145
1134,IND,2023-12-23,,ORL,L 110-117
1135,DAL,2023-12-23,,SAS,W 144-119
1136,LAL,2023-12-23,@,OKC,W 129-120
1137,NYK,2023-12-23,,MIL,L 111-130
1138,TOR,2023-12-23,,UTA,L 119-126
1139,UTA,2023-12-23,@,TOR,W 126-119
1140,DEN,2023-12-23,@,CHO,W 102-95
1141,GSW,2023-12-23,,POR,W 126-106
1142,MEM,2023-12-23,@,ATL,W 125-119
1143,CLE,2023-12-23,@,CHI,W 109-95
1144,BRK,2023-12-23,,DET,W 126-115
1145,BOS,2023-12-23,@,LAC,W 145-108
1146,POR,2023-12-23,@,GSW,L 106-126
1147,DET,2023-12-23,@,BRK,L 115-126
1148,HOU,2023-12-23,@,NOP,W 106-104
1149,NOP,2023-12-23,,HOU,L 104-106
1150,SAC,2023-12-23,,MIN,L 98-110
1151,ATL,2023-12-23,,MEM,L 119-125
1152,MIL,2023-12-23,@,NYK,W 130-111
1153,OKC,2023-12-23,,LAL,L 120-129
1154,ORL,2023-12-23,@,IND,W 117-110
1155,MIN,2023-12-23,@,SAC,W 110-98
1156,CHI,2023-12-23,,CLE,L 95-109
1157,WAS,2023-12-22,@,GSW,L 118-129
1158,DAL,2023-12-22,@,HOU,L 96-122
1159,MIA,2023-12-22,,ATL,W 122-113
1160,TOR,2023-12-22,@,PHI,L 111-121
1161,PHI,2023-12-22,,TOR,W 121-111
1162,DEN,2023-12-22,@,BRK,W 122-117
1163,GSW,2023-12-22,,WAS,W 129-118
1164,BRK,2023-12-22,,DEN,L 117-122
1165,HOU,2023-12-22,,DAL,W 122-96
1166,SAC,2023-12-22,,PHO,W 120-105
1167,ATL,2023-12-22,@,MIA,L 113-122
1168,PHO,2023-12-22,@,SAC,L 105-120
1169,WAS,2023-12-21,@,POR,W 118-117
1170,SAS,2023-12-21,@,CHI,L 95-114
1171,LAC,2023-12-21,@,OKC,L 115-134
1172,IND,2023-12-21,@,MEM,L 103-116
1173,LAL,2023-12-21,@,MIN,L 111-118
1174,UTA,2023-12-21,@,DET,W 119-111
1175,MEM,2023-12-21,,IND,W 116-103
1176,CLE,2023-12-21,,NOP,L 104-123
1177,POR,2023-12-21,,WAS,L 117-118
1178,DET,2023-12-21,,UTA,L 111-119
1179,NOP,2023-12-21,@,CLE,W 123-104
1180,MIL,2023-12-21,,ORL,W 118-114
1181,OKC,2023-12-21,,LAC,W 134-115
1182,ORL,2023-12-21,@,MIL,L 114-118
1183,MIN,2023-12-21,,LAL,W 118-111
1184,CHI,2023-12-21,,SAS,W 114-95
1185,LAC,2023-12-20,@,DAL,W 120-111
1186,IND,2023-12-20,,CHO,W 144-113
1187,DAL,2023-12-20,,LAC,L 111-120
1188,MIA,2023-12-20,@,ORL,W 115-106
1189,LAL,2023-12-20,@,CHI,L 108-124
1190,NYK,2023-12-20,@,BRK,W 121-102
1191,TOR,2023-12-20,,DEN,L 104-113
1192,UTA,2023-12-20,@,CLE,L 116-124
1193,PHI,2023-12-20,,MIN,W 127-113
1194,DEN,2023-12-20,@,TOR,W 113-104
1195,CLE,2023-12-20,,UTA,W 124-116
1196,BRK,2023-12-20,,NYK,L 102-121
1197,BOS,2023-12-20,@,SAC,W 144-119
1198,HOU,2023-12-20,,ATL,L 127-134
1199,SAC,2023-12-20,,BOS,L 119-144
1200,ATL,2023-12-20,@,HOU,W 134-127
1201,MIN,2023-12-20,@,PHI,L 113-127
1202,BOS,2023-12-20,@,SAC,W 144-119
1203,CLE,2023-12-20,,UTA,W 124-116
1204,UTA,2023-12-20,@,CLE,L 116-124
1205,NOP,2023-12-19,,MEM,L 113-115
1206,POR,2023-12-19,,PHO,W 109-104
1207,GSW,2023-12-19,,BOS,W 132-126 (OT)
1208,MEM,2023-12-19,@,NOP,W 115-113
1209,SAS,2023-12-19,@,MIL,L 119-132
1210,PHO,2023-12-19,@,POR,L 104-109
1211,MIL,2023-12-19,,SAS,W 132-119
1212,BOS,2023-12-19,@,GSW,L 126-132 (OT)
1213,CHI,2023-12-18,@,PHI,W 108-104
1214,LAC,2023-12-18,@,IND,W 151-127
1215,NYK,2023-12-18,@,LAL,W 114-109
1216,IND,2023-12-18,,LAC,L 127-151
1217,PHI,2023-12-18,,CHI,L 104-108
1218,CHO,2023-12-18,@,TOR,L 99-114
1219,MIA,2023-12-18,,MIN,L 108-112
1220,LAL,2023-12-18,,NYK,L 109-114
1221,BRK,2023-12-18,@,UTA,L 108-125
1222,DAL,2023-12-18,@,DEN,L 104-130
1223,OKC,2023-12-18,,MEM,W 116-97
1224,MEM,2023-12-18,@,OKC,L 97-116
1225,SAC,2023-12-18,,WAS,W 143-131
1226,WAS,2023-12-18,@,SAC,L 131-143
1227,DEN,2023-12-18,,DAL,W 130-104
1228,HOU,2023-12-18,@,CLE,L 130-135 (OT)
1229,TOR,2023-12-18,,CHO,W 114-99
1230,MIN,2023-12-18,@,MIA,W 112-108
1231,CLE,2023-12-18,,HOU,W 135-130 (OT)
1232,UTA,2023-12-18,,BRK,W 125-108
1233,DET,2023-12-18,@,ATL,L 124-130
1234,ATL,2023-12-18,,DET,W 130-124
1235,NOP,2023-12-17,@,SAS,W 146-110
1236,POR,2023-12-17,,GSW,L 114-118
1237,GSW,2023-12-17,@,POR,W 118-114
1238,SAS,2023-12-17,,NOP,L 110-146
1239,ORL,2023-12-17,@,BOS,L 97-114
1240,WAS,2023-12-17,@,PHO,L 108-112
1241,PHO,2023-12-17,,WAS,W 112-108
1242,HOU,2023-12-17,@,MIL,L 119-128
1243,MIL,2023-12-17,,HOU,W 128-119
1244,BOS,2023-12-17,,ORL,W 114-97
1245,CHI,2023-12-16,@,MIA,L 116-118
1246,LAC,2023-12-16,,NYK,W 144-122
1247,NYK,2023-12-16,@,LAC,L 122-144
1248,IND,2023-12-16,@,MIN,L 109-127
1249,PHI,2023-12-16,@,CHO,W 135-82
1250,CHO,2023-12-16,,PHI,L 82-135
1251,MIA,2023-12-16,,CHI,W 118-116
1252,BRK,2023-12-16,@,GSW,L 120-124
1253,POR,2023-12-16,,DAL,L 120-131
1254,DAL,2023-12-16,@,POR,W 131-120
1255,GSW,2023-12-16,,BRK,W 124-120
1256,OKC,2023-12-16,@,DEN,W 118-117
1257,SAC,2023-12-16,,UTA,W 125-104
1258,DEN,2023-12-16,,OKC,L 117-118
1259,MIL,2023-12-16,,DET,W 146-114
1260,MIN,2023-12-16,,IND,W 127-109
1261,CLE,2023-12-16,,ATL,W 127-119
1262,UTA,2023-12-16,@,SAC,L 104-125
1263,DET,2023-12-16,@,MIL,L 114-146
1264,ATL,2023-12-16,@,CLE,L 119-127
1265,DET,2023-12-15,@,PHI,L 92-124
1266,ATL,2023-12-15,@,TOR,W 125-104
1267,NYK,2023-12-15,@,PHO,W 139-122
1268,IND,2023-12-15,@,WAS,L 123-137
1269,PHI,2023-12-15,,DET,W 124-92
1270,CHO,2023-12-15,,NOP,L 107-112
1271,LAL,2023-12-15,@,SAS,L 115-129
1272,NOP,2023-12-15,@,CHO,W 112-107
1273,MEM,2023-12-15,,HOU,L 96-103
1274,SAS,2023-12-15,,LAL,W 129-115
1275,ORL,2023-12-15,@,BOS,L 111-128
1276,WAS,2023-12-15,,IND,W 137-123
1277,PHO,2023-12-15,,NYK,L 122-139
1278,HOU,2023-12-15,@,MEM,W 103-96
1279,TOR,2023-12-15,,ATL,L 104-125
1280,BOS,2023-12-15,,ORL,W 128-111
1281,CHI,2023-12-14,@,MIA,W 124-116
1282,LAC,2023-12-14,,GSW,W 121-113
1283,MIA,2023-12-14,,CHI,L 116-124
1284,BRK,2023-12-14,@,DEN,L 101-124
1285,POR,2023-12-14,,UTA,L 114-122
1286,DAL,2023-12-14,,MIN,L 101-119
1287,GSW,2023-12-14,@,LAC,L 113-121
1288,OKC,2023-12-14,@,SAC,L 123-128
1289,SAC,2023-12-14,,OKC,W 128-123
1290,DEN,2023-12-14,,BRK,W 124-101
1291,MIN,2023-12-14,@,DAL,W 119-101
1292,BOS,2023-12-14,,CLE,W 116-107
1293,CLE,2023-12-14,@,BOS,L 107-116
1294,UTA,2023-12-14,@,POR,W 122-114
1295,NYK,2023-12-13,@,UTA,L 113-117
1296,IND,2023-12-13,@,MIL,L 126-140
1297,PHI,2023-12-13,@,DET,W 129-111
1298,CHO,2023-12-13,@,MIA,L 104-115
1299,MIA,2023-12-13,,CHO,W 115-104
1300,LAL,2023-12-13,@,SAS,W 122-119
1301,BRK,2023-12-13,@,PHO,W 116-112
1302,NOP,2023-12-13,@,WAS,W 142-122
1303,MEM,2023-12-13,@,HOU,L 104-117
1304,SAS,2023-12-13,,LAL,L 119-122
1305,WAS,2023-12-13,,NOP,L 122-142
1306,PHO,2023-12-13,,BRK,L 112-116
1307,HOU,2023-12-13,,MEM,W 117-104
1308,MIL,2023-12-13,,IND,W 140-126
1309,TOR,2023-12-13,,ATL,W 135-128
1310,UTA,2023-12-13,,NYK,W 117-113
1311,DET,2023-12-13,,PHI,L 111-129
1312,ATL,2023-12-13,@,TOR,L 128-135
1313,CHI,2023-12-12,,DEN,L 106-114
1314,LAC,2023-12-12,,SAC,W 119-99
1315,LAL,2023-12-12,@,DAL,L 125-127
1316,DAL,2023-12-12,,LAL,W 127-125
1317,GSW,2023-12-12,@,PHO,L 116-119
1318,SAC,2023-12-12,@,LAC,L 99-119
1319,PHO,2023-12-12,,GSW,W 119-116
1320,DEN,2023-12-12,@,CHI,W 114-106
1321,BOS,2023-12-12,,CLE,W 120-113
1322,CLE,2023-12-12,@,BOS,L 113-120
1323,CHI,2023-12-11,@,MIL,L 129-133 (OT)
1324,LAC,2023-12-11,,POR,W 132-127
1325,NYK,2023-12-11,,TOR,W 136-130
1326,IND,2023-12-11,@,DET,W 131-123
1327,PHI,2023-12-11,,WAS,W 146-101
1328,CHO,2023-12-11,,MIA,L 114-116
1329,MIA,2023-12-11,@,CHO,W 116-114
1330,BRK,2023-12-11,@,SAC,L 118-131
1331,NOP,2023-12-11,,MIN,W 121-107
1332,POR,2023-12-11,@,LAC,L 127-132
1333,DAL,2023-12-11,@,MEM,W 120-113
1334,OKC,2023-12-11,,UTA,W 134-120
1335,MEM,2023-12-11,,DAL,L 113-120
1336,SAC,2023-12-11,,BRK,W 131-118
1337,SAS,2023-12-11,@,HOU,L 82-93
1338,ORL,2023-12-11,,CLE,W 104-94
1339,WAS,2023-12-11,@,PHI,L 101-146
1340,DEN,2023-12-11,@,ATL,W 129-122
1341,HOU,2023-12-11,,SAS,W 93-82
1342,MIL,2023-12-11,,CHI,W 133-129 (OT)
1343,TOR,2023-12-11,@,NYK,L 130-136
1344,MIN,2023-12-11,@,NOP,L 107-121
1345,CLE,2023-12-11,@,ORL,L 94-104
1346,UTA,2023-12-11,@,OKC,L 120-134
1347,DET,2023-12-11,,IND,L 123-131
1348,ATL,2023-12-11,,DEN,L 122-129
1349,DET,2023-12-08,@,ORL,L 91-123
1350,ATL,2023-12-08,@,PHI,L 114-125
1351,CHI,2023-12-08,@,SAS,W 121-112
1352,LAC,2023-12-08,@,UTA,W 117-103
1353,NYK,2023-12-08,@,BOS,L 123-133
1354,PHI,2023-12-08,,ATL,W 125-114
1355,CHO,2023-12-08,,TOR,W 119-116
1356,MIA,2023-12-08,,CLE,L 99-111
1357,BRK,2023-12-08,,WAS,W 124-97
1358,POR,2023-12-08,,DAL,L 112-125
1359,DAL,2023-12-08,@,POR,W 125-112
1360,GSW,2023-12-08,@,OKC,L 136-138 (OT)
1361,OKC,2023-12-08,,GSW,W 138-136 (OT)
1362,MEM,2023-12-08,,MIN,L 103-127
1363,SAC,2023-12-08,@,PHO,W 114-106
1364,SAS,2023-12-08,,CHI,L 112-121
1365,ORL,2023-12-08,,DET,W 123-91
1366,WAS,2023-12-08,@,BRK,L 97-124
1367,PHO,2023-12-08,,SAC,L 106-114
1368,DEN,2023-12-08,,HOU,L 106-114
1369,HOU,2023-12-08,@,DEN,W 114-106
1370,TOR,2023-12-08,@,CHO,L 116-119
1371,MIN,2023-12-08,@,MEM,W 127-103
1372,BOS,2023-12-08,,NYK,W 133-123
1373,CLE,2023-12-08,@,MIA,W 111-99
1374,UTA,2023-12-08,,LAC,L 103-117
1375,IND,2023-12-07,@,MIL,W 128-119
1376,LAL,2023-12-07,,NOP,W 133-89
1377,NOP,2023-12-07,@,LAL,L 89-133
1378,MIL,2023-12-07,,IND,L 119-128
1379,CHI,2023-12-06,,CHO,W 111-100
1380,LAC,2023-12-06,,DEN,W 111-102
1381,PHI,2023-12-06,@,WAS,W 131-126
1382,CHO,2023-12-06,@,CHI,L 100-111
1383,MIA,2023-12-06,@,TOR,W 112-103
1384,BRK,2023-12-06,@,ATL,W 114-113
1385,POR,2023-12-06,@,GSW,L 106-110
1386,DAL,2023-12-06,,UTA,W 147-97
1387,GSW,2023-12-06,,POR,W 110-106
1388,OKC,2023-12-06,@,HOU,L 101-110
1389,MEM,2023-12-06,@,DET,W 116-102
1390,SAS,2023-12-06,@,MIN,L 94-102
1391,ORL,2023-12-06,@,CLE,L 111-121
1392,WAS,2023-12-06,,PHI,L 126-131
1393,DEN,2023-12-06,@,LAC,L 102-111
1394,HOU,2023-12-06,,OKC,W 110-101
1395,TOR,2023-12-06,,MIA,L 103-112
1396,MIN,2023-12-06,,SAS,W 102-94
1397,CLE,2023-12-06,,ORL,W 121-111
1398,UTA,2023-12-06,@,DAL,L 97-147
1399,DET,2023-12-06,,MEM,L 102-116
1400,ATL,2023-12-06,,BRK,L 113-114
1401,LAL,2023-12-05,,PHO,W 106-103
1402,PHO,2023-12-05,@,LAL,L 103-106
1403,MIL,2023-12-05,,NYK,W 146-122
1404,NYK,2023-12-05,@,MIL,L 122-146
1405,BOS,2023-12-04,@,IND,L 112-122
1406,IND,2023-12-04,,BOS,W 122-112
1407,NOP,2023-12-04,@,SAC,W 127-117
1408,SAC,2023-12-04,,NOP,L 117-127
1409,OKC,2023-12-02,@,DAL,W 126-120
1410,SAC,2023-12-02,,DEN,W 123-117
1411,LAL,2023-12-02,,HOU,W 107-97
1412,ORL,2023-12-02,@,BRK,L 101-129
1413,PHO,2023-12-02,,MEM,W 116-109
1414,MEM,2023-12-02,@,PHO,L 109-116
1415,DAL,2023-12-02,,OKC,L 120-126
1416,GSW,2023-12-02,@,LAC,L 112-113
1417,DEN,2023-12-02,@,SAC,L 117-123
1418,HOU,2023-12-02,@,LAL,L 97-107
1419,MIL,2023-12-02,,ATL,W 132-121
1420,MIN,2023-12-02,@,CHO,W 123-117
1421,CLE,2023-12-02,@,DET,W 110-101
1422,UTA,2023-12-02,,POR,W 118-113 (OT)
1423,DET,2023-12-02,,CLE,L 101-110
1424,ATL,2023-12-02,@,MIL,L 121-132
1425,LAC,2023-12-02,,GSW,W 113-112
1426,BRK,2023-12-02,,ORL,W 129-101
1427,CHI,2023-12-02,,NOP,W 124-118
1428,IND,2023-12-02,@,MIA,W 144-129
1429,CHO,2023-12-02,,MIN,L 117-123
1430,NOP,2023-12-02,@,CHI,L 118-124
1431,POR,2023-12-02,@,UTA,L 113-118 (OT)
1432,MIA,2023-12-02,,IND,L 129-144
1433,ORL,2023-12-01,,WAS,W 130-125
1434,PHO,2023-12-01,,DEN,L 111-119
1435,MEM,2023-12-01,@,DAL,W 108-94
1436,DAL,2023-12-01,,MEM,L 94-108
1437,WAS,2023-12-01,@,ORL,L 125-130
1438,SAS,2023-12-01,@,NOP,L 106-121
1439,DEN,2023-12-01,@,PHO,W 119-111
1440,NYK,2023-12-01,@,TOR,W 119-106
1441,TOR,2023-12-01,,NYK,L 106-119
1442,BOS,2023-12-01,,PHI,W 125-119
1443,PHI,2023-12-01,@,BOS,L 119-125
1444,NOP,2023-12-01,,SAS,W 121-106
1445,LAL,2023-11-30,@,OKC,L 110-133
1446,GSW,2023-11-30,,LAC,W 120-114
1447,SAS,2023-11-30,,ATL,L 135-137
1448,MIL,2023-11-30,@,CHI,L 113-120 (OT)
1449,MIN,2023-11-30,,UTA,W 101-90
1450,NYK,2023-11-30,,DET,W 118-112
1451,CLE,2023-11-30,,POR,L 95-103
1452,UTA,2023-11-30,@,MIN,L 90-101
1453,DET,2023-11-30,@,NYK,L 112-118
1454,ATL,2023-11-30,@,SAS,W 137-135
1455,LAC,2023-11-30,@,GSW,L 114-120
1456,BRK,2023-11-30,,CHO,L 128-129
1457,CHI,2023-11-30,,MIL,W 120-113 (OT)
1458,IND,2023-11-30,@,MIA,L 132-142
1459,CHO,2023-11-30,@,BRK,W 129-128
1460,POR,2023-11-30,@,CLE,W 103-95
1461,MIA,2023-11-30,,IND,W 142-132
1462,OKC,2023-11-30,,LAL,W 133-110
1463,SAC,2023-11-29,,LAC,L 117-131
1464,LAL,2023-11-29,@,DET,W 133-107
1465,ORL,2023-11-29,,WAS,W 139-120
1466,PHO,2023-11-29,@,TOR,L 105-112
1467,MEM,2023-11-29,,UTA,W 105-91
1468,WAS,2023-11-29,@,ORL,L 120-139
1469,DEN,2023-11-29,,HOU,W 134-124
1470,HOU,2023-11-29,@,DEN,L 124-134
1471,TOR,2023-11-29,,PHO,W 112-105
1472,PHI,2023-11-29,@,NOP,L 114-124
1473,UTA,2023-11-29,@,MEM,L 91-105
1474,DET,2023-11-29,,LAL,L 107-133
1475,LAC,2023-11-29,@,SAC,W 131-117
1476,NOP,2023-11-29,,PHI,W 124-114
1477,DAL,2023-11-28,,HOU,W 121-115
1478,GSW,2023-11-28,@,SAC,L 123-124
1479,HOU,2023-11-28,@,DAL,L 115-121
1480,MIL,2023-11-28,@,MIA,W 131-124
1481,MIN,2023-11-28,,OKC,W 106-103
1482,NYK,2023-11-28,,CHO,W 115-91
1483,TOR,2023-11-28,@,BRK,L 103-115
1484,BOS,2023-11-28,,CHI,W 124-97
1485,CLE,2023-11-28,,ATL,W 128-105
1486,ATL,2023-11-28,@,CLE,L 105-128
1487,BRK,2023-11-28,,TOR,W 115-103
1488,CHI,2023-11-28,@,BOS,L 97-124
1489,CHO,2023-11-28,@,NYK,L 91-115
1490,MIA,2023-11-28,,MIL,L 124-131
1491,OKC,2023-11-28,@,MIN,L 103-106
1492,SAC,2023-11-28,,GSW,W 124-123
1493,LAL,2023-11-27,@,PHI,L 94-138
1494,WAS,2023-11-27,@,DET,W 126-107
1495,DEN,2023-11-27,@,LAC,W 113-104
1496,PHI,2023-11-27,,LAL,W 138-94
1497,UTA,2023-11-27,,NOP,W 114-112
1498,DET,2023-11-27,,WAS,L 107-126
1499,LAC,2023-11-27,,DEN,L 104-113
1500,IND,2023-11-27,,POR,L 110-114
1501,NOP,2023-11-27,@,UTA,L 112-114
1502,POR,2023-11-27,@,IND,W 114-110
1503,ORL,2023-11-26,,CHO,W 130-117
1504,PHO,2023-11-26,@,NYK,W 116-113
1505,MEM,2023-11-26,,MIN,L 97-119
1506,SAS,2023-11-26,@,DEN,L 120-132
1507,DEN,2023-11-26,,SAS,W 132-120
1508,MIL,2023-11-26,,POR,W 108-102
1509,MIN,2023-11-26,@,MEM,W 119-97
1510,NYK,2023-11-26,,PHO,L 113-116
1511,TOR,2023-11-26,@,CLE,L 102-105
1512,BOS,2023-11-26,,ATL,W 113-103
1513,CLE,2023-11-26,,TOR,W 105-102
1514,ATL,2023-11-26,@,BOS,L 103-113
1515,BRK,2023-11-26,,CHI,W 118-109
1516,CHI,2023-11-26,@,BRK,L 109-118
1517,CHO,2023-11-26,@,ORL,L 117-130
1518,POR,2023-11-26,@,MIL,L 102-108
1519,LAL,2023-11-25,@,CLE,W 121-115
1520,DAL,2023-11-25,@,LAC,L 88-107
1521,WAS,2023-11-25,,ATL,L 108-136
1522,CLE,2023-11-25,,LAL,L 115-121
1523,PHI,2023-11-25,@,OKC,W 127-123
1524,UTA,2023-11-25,,NOP,W 105-100
1525,ATL,2023-11-25,@,WAS,W 136-108
1526,LAC,2023-11-25,,DAL,W 107-88
1527,BRK,2023-11-25,,MIA,W 112-97
1528,NOP,2023-11-25,@,UTA,L 100-105
1529,MIA,2023-11-25,@,BRK,L 97-112
1530,OKC,2023-11-25,,PHI,L 123-127
1531,SAC,2023-11-24,@,MIN,W 124-111
1532,ORL,2023-11-24,,BOS,W 113-96
1533,PHO,2023-11-24,@,MEM,W 110-89
1534,MEM,2023-11-24,,PHO,L 89-110
1535,GSW,2023-11-24,,SAS,W 118-112
1536,WAS,2023-11-24,@,MIL,L 128-131
1537,SAS,2023-11-24,@,GSW,L 112-118
1538,DEN,2023-11-24,@,HOU,L 86-105
1539,HOU,2023-11-24,,DEN,W 105-86
1540,MIL,2023-11-24,,WAS,W 131-128
1541,MIN,2023-11-24,,SAC,L 111-124
1542,NYK,2023-11-24,,MIA,W 100-98
1543,TOR,2023-11-24,,CHI,W 121-108
1544,BOS,2023-11-24,@,ORL,L 96-113
1545,DET,2023-11-24,@,IND,L 113-136
1546,LAC,2023-11-24,,NOP,L 106-116
1547,CHI,2023-11-24,@,TOR,L 108-121
1548,IND,2023-11-24,,DET,W 136-113
1549,NOP,2023-11-24,@,LAC,W 116-106
1550,MIA,2023-11-24,@,NYK,L 98-100
1551,LAL,2023-11-22,,DAL,L 101-104
1552,ORL,2023-11-22,,DEN,W 124-119
1553,PHO,2023-11-22,,GSW,W 123-115
1554,MEM,2023-11-22,@,HOU,L 91-111
1555,DAL,2023-11-22,@,LAL,W 104-101
1556,GSW,2023-11-22,@,PHO,L 115-123
1557,WAS,2023-11-22,@,CHO,L 114-117
1558,SAS,2023-11-22,,LAC,L 102-109
1559,DEN,2023-11-22,@,ORL,L 119-124
1560,HOU,2023-11-22,,MEM,W 111-91
1561,MIL,2023-11-22,@,BOS,L 116-119
1562,MIN,2023-11-22,,PHI,W 112-99
1563,TOR,2023-11-22,@,IND,W 132-131
1564,BOS,2023-11-22,,MIL,W 119-116
1565,CLE,2023-11-22,,MIA,L 96-129
1566,PHI,2023-11-22,@,MIN,L 99-112
1567,UTA,2023-11-22,@,POR,L 105-121
1568,ATL,2023-11-22,,BRK,W 147-145 (OT)
1569,LAC,2023-11-22,@,SAS,W 109-102
1570,BRK,2023-11-22,@,ATL,L 145-147 (OT)
1571,CHI,2023-11-22,@,OKC,L 102-116
1572,IND,2023-11-22,,TOR,L 131-132
1573,CHO,2023-11-22,,WAS,W 117-114
1574,NOP,2023-11-22,,SAC,W 117-112
1575,POR,2023-11-22,,UTA,W 121-105
1576,MIA,2023-11-22,@,CLE,W 129-96
1577,OKC,2023-11-22,,CHI,W 116-102
1578,SAC,2023-11-22,@,NOP,L 112-117
1579,LAL,2023-11-21,,UTA,W 131-99
1580,ORL,2023-11-21,,TOR,W 126-107
1581,PHO,2023-11-21,,POR,W 120-107
1582,TOR,2023-11-21,@,ORL,L 107-126
1583,CLE,2023-11-21,@,PHI,W 122-119 (OT)
1584,PHI,2023-11-21,,CLE,L 119-122 (OT)
1585,UTA,2023-11-21,@,LAL,L 99-131
1586,ATL,2023-11-21,,IND,L 152-157
1587,IND,2023-11-21,@,ATL,W 157-152
1588,POR,2023-11-21,@,PHO,L 107-120
1589,GSW,2023-11-20,,HOU,W 121-116
1590,WAS,2023-11-20,,MIL,L 129-142
1591,SAS,2023-11-20,,LAC,L 99-124
1592,DEN,2023-11-20,@,DET,W 107-103
1593,HOU,2023-11-20,@,GSW,L 116-121
1594,MIL,2023-11-20,@,WAS,W 142-129
1595,MIN,2023-11-20,,NYK,W 117-100
1596,NYK,2023-11-20,@,MIN,L 100-117
1597,BOS,2023-11-20,@,CHO,L 118-121 (OT)
1598,DET,2023-11-20,,DEN,L 103-107
1599,LAC,2023-11-20,@,SAS,W 124-99
1600,CHI,2023-11-20,,MIA,L 100-118
1601,MIL,2023-11-20,@,WAS,W 142-129
1602,MIN,2023-11-20,,NYK,W 117-100
1603,WAS,2023-11-20,,MIL,L 129-142
1604,SAS,2023-11-20,,LAC,L 99-124
1605,BOS,2023-11-19,@,MEM,W 102-100
1606,CLE,2023-11-19,,DEN,W 121-109
1607,TOR,2023-11-19,,DET,W 142-113
1608,UTA,2023-11-19,,PHO,L 137-140 (2OT)
1609,IND,2023-11-19,,ORL,L 116-128
1610,DET,2023-11-19,@,TOR,L 113-142
1611,LAL,2023-11-19,,HOU,W 105-104
1612,PHI,2023-11-19,@,BRK,W 121-99
1613,MEM,2023-11-19,,BOS,L 100-102
1614,BRK,2023-11-19,,PHI,L 99-121
1615,HOU,2023-11-19,@,LAL,L 104-105
1616,POR,2023-11-19,,OKC,L 91-134
1617,OKC,2023-11-19,@,POR,W 134-91
1618,DAL,2023-11-19,,SAC,L 113-129
1619,SAC,2023-11-19,@,DAL,W 129-113
1620,ORL,2023-11-19,@,IND,W 128-116
1621,PHO,2023-11-19,@,UTA,W 140-137 (2OT)
1622,DEN,2023-11-19,@,CLE,L 109-121
1623,MIA,2023-11-18,@,CHI,L 97-102
1624,CHI,2023-11-18,,MIA,W 102-97
1625,NYK,2023-11-18,@,CHO,W 122-108
1626,CHO,2023-11-18,,NYK,L 108-122
1627,GSW,2023-11-18,,OKC,L 123-130 (OT)
1628,MEM,2023-11-18,@,SAS,W 120-108
1629,NOP,2023-11-18,,MIN,L 120-121
1630,OKC,2023-11-18,@,GSW,W 130-123 (OT)
1631,DAL,2023-11-18,@,MIL,L 125-132
1632,MIL,2023-11-18,,DAL,W 132-125
1633,MIN,2023-11-18,@,NOP,W 121-120
1634,SAS,2023-11-18,,MEM,L 108-120
1635,LAC,2023-11-17,,HOU,W 106-100
1636,BOS,2023-11-17,@,TOR,W 108-105
1637,CLE,2023-11-17,,DET,W 108-100
1638,TOR,2023-11-17,,BOS,L 105-108
1639,UTA,2023-11-17,,PHO,L 128-131
1640,DET,2023-11-17,@,CLE,L 100-108
1641,ATL,2023-11-17,,PHI,L 116-126
1642,CHI,2023-11-17,,ORL,L 97-103
1643,NYK,2023-11-17,@,WAS,W 120-99
1644,LAL,2023-11-17,@,POR,W 107-95
1645,PHI,2023-11-17,@,ATL,W 126-116
1646,CHO,2023-11-17,,MIL,L 99-130
1647,NOP,2023-11-17,,DEN,W 115-110
1648,HOU,2023-11-17,@,LAC,L 100-106
1649,POR,2023-11-17,,LAL,L 95-107
1650,SAC,2023-11-17,@,SAS,W 129-120
1651,MIL,2023-11-17,@,CHO,W 130-99
1652,ORL,2023-11-17,@,CHI,W 103-97
1653,WAS,2023-11-17,,NYK,L 99-120
1654,SAS,2023-11-17,,SAC,L 120-129
1655,PHO,2023-11-17,@,UTA,W 131-128
1656,DEN,2023-11-17,@,NOP,L 110-115
1657,MIA,2023-11-16,,BRK,W 122-115
1658,GSW,2023-11-16,,OKC,L 109-128
1659,BRK,2023-11-16,@,MIA,L 115-122
1660,OKC,2023-11-16,@,GSW,W 128-109
1661,BOS,2023-11-15,@,PHI,W 117-107
1662,CLE,2023-11-15,@,POR,W 109-95
1663,TOR,2023-11-15,,MIL,L 112-128
1664,ATL,2023-11-15,,NYK,L 114-116
1665,CHI,2023-11-15,,ORL,L 94-96
1666,NYK,2023-11-15,@,ATL,W 116-114
1667,LAL,2023-11-15,,SAC,L 110-125
1668,PHI,2023-11-15,,BOS,L 107-117
1669,POR,2023-11-15,,CLE,L 95-109
1670,DAL,2023-11-15,@,WAS,W 130-117
1671,SAC,2023-11-15,@,LAL,W 125-110
1672,MIL,2023-11-15,@,TOR,W 128-112
1673,MIN,2023-11-15,@,PHO,L 115-133
1674,ORL,2023-11-15,@,CHI,W 96-94
1675,WAS,2023-11-15,,DAL,L 117-130
1676,PHO,2023-11-15,,MIN,W 133-115
1677,DEN,2023-11-14,,LAC,W 111-108
1678,LAC,2023-11-14,@,DEN,L 108-111
1679,UTA,2023-11-14,,POR,W 115-99
1680,IND,2023-11-14,@,PHI,W 132-126
1681,DET,2023-11-14,,ATL,L 120-126
1682,ATL,2023-11-14,@,DET,W 126-120
1683,MIA,2023-11-14,@,CHO,W 111-105
1684,LAL,2023-11-14,,MEM,W 134-107
1685,PHI,2023-11-14,,IND,L 126-132
1686,CHO,2023-11-14,,MIA,L 105-111
1687,GSW,2023-11-14,,MIN,L 101-104
1688,MEM,2023-11-14,@,LAL,L 107-134
1689,BRK,2023-11-14,,ORL,W 124-104
1690,NOP,2023-11-14,,DAL,W 131-110
1691,POR,2023-11-14,@,UTA,L 99-115
1692,OKC,2023-11-14,,SAS,W 123-87
1693,DAL,2023-11-14,@,NOP,L 110-131
1694,MIN,2023-11-14,@,GSW,W 104-101
1695,ORL,2023-11-14,@,BRK,L 104-124
1696,SAS,2023-11-14,@,OKC,L 87-123
1697,BOS,2023-11-13,,NYK,W 114-98
1698,CLE,2023-11-13,@,SAC,L 120-132
1699,TOR,2023-11-13,,WAS,W 111-107
1700,CHI,2023-11-13,@,MIL,L 109-118
1701,NYK,2023-11-13,@,BOS,L 98-114
1702,SAC,2023-11-13,,CLE,W 132-120
1703,MIL,2023-11-13,,CHI,W 118-109
1704,WAS,2023-11-13,@,TOR,L 107-111
1705,LAC,2023-11-12,,MEM,L 101-105
1706,IND,2023-11-12,@,PHI,L 126-137
1707,DET,2023-11-12,@,CHI,L 108-119
1708,MIA,2023-11-12,@,SAS,W 118-113
1709,CHI,2023-11-12,,DET,W 119-108
1710,NYK,2023-11-12,,CHO,W 129-107
1711,LAL,2023-11-12,,POR,W 116-110
1712,PHI,2023-11-12,,IND,W 137-126
1713,CHO,2023-11-12,@,NYK,L 107-129
1714,GSW,2023-11-12,,MIN,L 110-116
1715,MEM,2023-11-12,@,LAC,W 105-101
1716,BRK,2023-11-12,,WAS,W 102-94
1717,NOP,2023-11-12,,DAL,L 124-136
1718,HOU,2023-11-12,,DEN,W 107-104
1719,POR,2023-11-12,@,LAL,L 110-116
1720,OKC,2023-11-12,@,PHO,W 111-99
1721,DAL,2023-11-12,@,NOP,W 136-124
1722,MIN,2023-11-12,@,GSW,W 116-110
1723,WAS,2023-11-12,@,BRK,L 94-102
1724,SAS,2023-11-12,,MIA,L 113-118
1725,PHO,2023-11-12,,OKC,L 99-111
1726,DEN,2023-11-12,@,HOU,L 104-107
1727,BOS,2023-11-11,,TOR,W 117-94
1728,CLE,2023-11-11,@,GSW,W 118-110
1729,TOR,2023-11-11,@,BOS,L 94-117
1730,ATL,2023-11-11,,MIA,L 109-117
1731,MIA,2023-11-11,@,ATL,W 117-109
1732,GSW,2023-11-11,,CLE,L 110-118
1733,MIL,2023-11-11,@,ORL,L 97-112
1734,ORL,2023-11-11,,MIL,W 112-97
1735,LAC,2023-11-10,@,DAL,L 126-144
1736,BOS,2023-11-10,,BRK,W 121-107
1737,UTA,2023-11-10,@,MEM,W 127-121
1738,DET,2023-11-10,,PHI,L 106-114
1739,LAL,2023-11-10,@,PHO,W 122-119
1740,PHI,2023-11-10,@,DET,W 114-106
1741,CHO,2023-11-10,@,WAS,W 124-117
1742,MEM,2023-11-10,,UTA,L 121-127
1743,BRK,2023-11-10,@,BOS,L 107-121
1744,NOP,2023-11-10,@,HOU,L 101-104
1745,HOU,2023-11-10,,NOP,W 104-101
1746,OKC,2023-11-10,@,SAC,L 98-105
1747,DAL,2023-11-10,,LAC,W 144-126
1748,SAC,2023-11-10,,OKC,W 105-98
1749,MIN,2023-11-10,@,SAS,W 117-110
1750,WAS,2023-11-10,,CHO,L 117-124
1751,SAS,2023-11-10,,MIN,L 110-117
1752,PHO,2023-11-10,,LAL,L 119-122
1753,IND,2023-11-09,,MIL,W 126-124
1754,ATL,2023-11-09,@,ORL,W 120-119
1755,MIL,2023-11-09,@,IND,L 124-126
1756,ORL,2023-11-09,,ATL,L 119-120
1757,LAC,2023-11-08,@,BRK,L 93-100
1758,BOS,2023-11-08,@,PHI,L 103-106
1759,CLE,2023-11-08,@,OKC,L 120-128
1760,TOR,2023-11-08,@,DAL,W 127-116
1761,UTA,2023-11-08,@,IND,L 118-134
1762,IND,2023-11-08,,UTA,W 134-118
1763,DET,2023-11-08,@,MIL,L 118-120
1764,MIA,2023-11-08,@,MEM,W 108-102
1765,CHI,2023-11-08,,PHO,L 115-116 (OT)
1766,NYK,2023-11-08,,SAS,W 126-105
1767,LAL,2023-11-08,@,HOU,L 94-128
1768,PHI,2023-11-08,,BOS,W 106-103
1769,CHO,2023-11-08,,WAS,L 116-132
1770,GSW,2023-11-08,@,DEN,L 105-108
1771,MEM,2023-11-08,,MIA,L 102-108
1772,BRK,2023-11-08,,LAC,W 100-93
1773,NOP,2023-11-08,@,MIN,L 101-122
1774,HOU,2023-11-08,,LAL,W 128-94
1775,POR,2023-11-08,@,SAC,L 118-121 (OT)
1776,OKC,2023-11-08,,CLE,W 128-120
1777,DAL,2023-11-08,,TOR,L 116-127
1778,SAC,2023-11-08,,POR,W 121-118 (OT)
1779,MIL,2023-11-08,,DET,W 120-118
1780,MIN,2023-11-08,,NOP,W 122-101
1781,WAS,2023-11-08,@,CHO,W 132-116
1782,SAS,2023-11-08,@,NYK,L 105-126
1783,PHO,2023-11-08,@,CHI,W 116-115 (OT)
1784,DEN,2023-11-08,,GSW,W 108-105
1785,DEN,2023-11-06,,NOP,W 134-116
1786,LAC,2023-11-06,@,NYK,L 97-111
1787,BOS,2023-11-06,@,MIN,L 109-114 (OT)
1788,UTA,2023-11-06,@,CHI,L 113-130
1789,IND,2023-11-06,,SAS,W 152-111
1790,DET,2023-11-06,,GSW,L 109-120
1791,ATL,2023-11-06,@,OKC,L 117-126
1792,MIA,2023-11-06,,LAL,W 108-107
1793,CHI,2023-11-06,,UTA,W 130-113
1794,NYK,2023-11-06,,LAC,W 111-97
1795,LAL,2023-11-06,@,MIA,L 107-108
1796,PHI,2023-11-06,,WAS,W 146-128
1797,GSW,2023-11-06,@,DET,W 120-109
1798,BRK,2023-11-06,,MIL,L 125-129
1799,NOP,2023-11-06,@,DEN,L 116-134
1800,HOU,2023-11-06,,SAC,W 122-97
1801,ATL,2023-11-06,@,OKC,L 117-126
1802,CHI,2023-11-06,,UTA,W 130-113
1803,LAC,2023-11-06,@,NYK,L 97-111
1804,BRK,2023-11-06,,MIL,L 125-129
1805,UTA,2023-11-06,@,CHI,L 113-130
1806,IND,2023-11-06,,SAS,W 152-111
1807,NOP,2023-11-06,@,DEN,L 116-134
1808,OKC,2023-11-06,,ATL,W 126-117
1809,PHO,2023-11-05,@,DET,W 120-106
1810,MEM,2023-11-05,@,POR,W 112-100
1811,DAL,2023-11-05,,CHO,W 124-118
1812,GSW,2023-11-05,@,CLE,L 104-115
1813,SAS,2023-11-05,,TOR,L 116-123 (OT)
1814,CLE,2023-11-05,,GSW,W 115-104
1815,DET,2023-11-05,,PHO,L 106-120
1816,TOR,2023-11-05,@,SAS,W 123-116 (OT)
1817,POR,2023-11-05,,MEM,L 100-112
1818,CHO,2023-11-05,@,DAL,L 118-124
1819,ORL,2023-11-04,,LAL,W 120-101
1820,LAL,2023-11-04,@,ORL,L 101-120
1821,PHO,2023-11-04,@,PHI,L 100-112
1822,HOU,2023-11-04,,SAC,W 107-89
1823,DEN,2023-11-04,,CHI,W 123-101
1824,MIN,2023-11-04,,UTA,W 123-95
1825,BOS,2023-11-04,@,BRK,W 124-114
1826,PHI,2023-11-04,,PHO,W 112-100
1827,ATL,2023-11-04,@,NOP,W 123-105
1828,CHI,2023-11-04,@,DEN,L 101-123
1829,BRK,2023-11-04,,BOS,L 114-124
1830,UTA,2023-11-04,@,MIN,L 95-123
1831,IND,2023-11-04,,CHO,L 124-125
1832,CHO,2023-11-04,@,IND,W 125-124
1833,NOP,2023-11-04,,ATL,L 105-123
1834,SAC,2023-11-04,@,HOU,L 89-107
1835,MIA,2023-11-03,,WAS,W 121-114
1836,MEM,2023-11-03,@,POR,L 113-115 (OT)
1837,DAL,2023-11-03,@,DEN,L 114-125
1838,GSW,2023-11-03,@,OKC,W 141-139
1839,DEN,2023-11-03,,DAL,W 125-114
1840,MIL,2023-11-03,,NYK,W 110-105
1841,NYK,2023-11-03,@,MIL,L 105-110
1842,CLE,2023-11-03,@,IND,L 116-121
1843,WAS,2023-11-03,@,MIA,L 114-121
1844,CHI,2023-11-03,,BRK,L 107-109
1845,BRK,2023-11-03,@,CHI,W 109-107
1846,IND,2023-11-03,,CLE,W 121-116
1847,POR,2023-11-03,,MEM,W 115-113 (OT)
1848,OKC,2023-11-03,,GSW,L 139-141
1849,ORL,2023-11-02,@,UTA,W 115-113
1850,PHO,2023-11-02,,SAS,L 121-132
1851,SAS,2023-11-02,@,PHO,W 132-121
1852,PHI,2023-11-02,,TOR,W 114-99
1853,DET,2023-11-02,@,NOP,L 116-125
1854,TOR,2023-11-02,@,PHI,L 99-114
1855,UTA,2023-11-02,,ORL,L 113-115
1856,NOP,2023-11-02,,DET,W 125-116
1857,LAL,2023-11-01,,LAC,W 130-125 (OT)
1858,MEM,2023-11-01,@,UTA,L 109-133
1859,DAL,2023-11-01,,CHI,W 114-105
1860,GSW,2023-11-01,,SAC,W 102-101
1861,HOU,2023-11-01,,CHO,W 128-119
1862,DEN,2023-11-01,@,MIN,L 89-110
1863,MIL,2023-11-01,@,TOR,L 111-130
1864,MIN,2023-11-01,,DEN,W 110-89
1865,NYK,2023-11-01,,CLE,L 89-95
1866,BOS,2023-11-01,,IND,W 155-104
1867,CLE,2023-11-01,@,NYK,W 95-89
1868,WAS,2023-11-01,@,ATL,L 121-130
1869,DET,2023-11-01,,POR,L 101-110
1870,ATL,2023-11-01,,WAS,W 130-121
1871,TOR,2023-11-01,,MIL,W 130-111
1872,CHI,2023-11-01,@,DAL,L 105-114
1873,LAC,2023-11-01,@,LAL,L 125-130 (OT)
1874,BRK,2023-11-01,@,MIA,W 109-105
1875,UTA,2023-11-01,,MEM,W 133-109
1876,IND,2023-11-01,@,BOS,L 104-155
1877,POR,2023-11-01,@,DET,W 110-101
1878,CHO,2023-11-01,@,HOU,L 119-128
1879,NOP,2023-11-01,@,OKC,W 110-106
1880,OKC,2023-11-01,,NOP,L 106-110
1881,SAC,2023-11-01,@,GSW,L 101-102
1882,MIA,2023-11-01,,BRK,L 105-109
1883,ORL,2023-10-31,@,LAC,L 102-118
1884,PHO,2023-10-31,,SAS,L 114-115
1885,SAS,2023-10-31,@,PHO,W 115-114
1886,NYK,2023-10-31,@,CLE,W 109-91
1887,CLE,2023-10-31,,NYK,L 91-109
1888,LAC,2023-10-31,,ORL,W 118-102
1889,ORL,2023-10-30,@,LAL,L 103-106
1890,LAL,2023-10-30,,ORL,W 106-103
1891,MEM,2023-10-30,,DAL,L 110-125
1892,DAL,2023-10-30,@,MEM,W 125-110
1893,GSW,2023-10-30,@,NOP,W 130-102
1894,DEN,2023-10-30,,UTA,W 110-102
1895,MIL,2023-10-30,,MIA,W 122-114
1896,MIN,2023-10-30,@,ATL,L 113-127
1897,BOS,2023-10-30,@,WAS,W 126-107
1898,WAS,2023-10-30,,BOS,L 107-126
1899,DET,2023-10-30,@,OKC,L 112-124
1900,ATL,2023-10-30,,MIN,W 127-113
1901,TOR,2023-10-30,,POR,L 91-99
1902,CHI,2023-10-30,@,IND,W 112-105
1903,BRK,2023-10-30,@,CHO,W 133-121
1904,UTA,2023-10-30,@,DEN,L 102-110
1905,IND,2023-10-30,,CHI,L 105-112
1906,POR,2023-10-30,@,TOR,W 99-91
1907,CHO,2023-10-30,,BRK,L 121-133
1908,NOP,2023-10-30,,GSW,L 102-130
1909,OKC,2023-10-30,,DET,W 124-112
1910,MIA,2023-10-30,@,MIL,L 114-122
1911,SAC,2023-10-29,,LAL,W 132-127 (OT)
1912,LAL,2023-10-29,@,SAC,L 127-132 (OT)
1913,GSW,2023-10-29,@,HOU,W 106-95
1914,HOU,2023-10-29,,GSW,L 95-106
1915,DEN,2023-10-29,@,OKC,W 128-95
1916,MIL,2023-10-29,,ATL,L 110-127
1917,SAS,2023-10-29,@,LAC,L 83-123
1918,PHI,2023-10-29,,POR,W 126-98
1919,ATL,2023-10-29,@,MIL,W 127-110
1920,LAC,2023-10-29,,SAS,W 123-83
1921,POR,2023-10-29,@,PHI,L 98-126
1922,OKC,2023-10-29,,DEN,L 95-128
1923,PHO,2023-10-28,,UTA,W 126-104
1924,MEM,2023-10-28,@,WAS,L 106-113
1925,MIN,2023-10-28,,MIA,W 106-90
1926,NYK,2023-10-28,@,NOP,L 87-96
1927,CLE,2023-10-28,,IND,L 113-125
1928,WAS,2023-10-28,,MEM,W 113-106
1929,PHI,2023-10-28,@,TOR,W 114-107
1930,DET,2023-10-28,,CHI,W 118-102
1931,TOR,2023-10-28,,PHI,L 107-114
1932,CHI,2023-10-28,@,DET,L 102-118
1933,UTA,2023-10-28,@,PHO,L 104-126
1934,IND,2023-10-28,@,CLE,W 125-113
1935,NOP,2023-10-28,,NYK,W 96-87
1936,MIA,2023-10-28,@,MIN,L 90-106
1937,SAC,2023-10-27,,GSW,L 114-122
1938,MIA,2023-10-27,@,BOS,L 111-119
1939,ORL,2023-10-27,@,POR,W 102-97
1940,MEM,2023-10-27,,DEN,L 104-108
1941,DAL,2023-10-27,,BRK,W 125-120
1942,GSW,2023-10-27,@,SAC,W 122-114
1943,HOU,2023-10-27,@,SAS,L 122-126 (OT)
1944,DEN,2023-10-27,@,MEM,W 108-104
1945,SAS,2023-10-27,,HOU,W 126-122 (OT)
1946,NYK,2023-10-27,@,ATL,W 126-120
1947,BOS,2023-10-27,,MIA,W 119-111
1948,CLE,2023-10-27,,OKC,L 105-108
1949,DET,2023-10-27,@,CHO,W 111-99
1950,ATL,2023-10-27,,NYK,L 120-126
1951,TOR,2023-10-27,@,CHI,L 103-104 (OT)
1952,CHI,2023-10-27,,TOR,W 104-103 (OT)
1953,LAC,2023-10-27,@,UTA,L 118-120
1954,BRK,2023-10-27,@,DAL,L 120-125
1955,UTA,2023-10-27,,LAC,W 120-118
1956,POR,2023-10-27,,ORL,L 97-102
1957,CHO,2023-10-27,,DET,L 99-111
1958,OKC,2023-10-27,@,CLE,W 108-105
1959,LAL,2023-10-26,,PHO,W 100-95
1960,PHO,2023-10-26,@,LAL,L 95-100
1961,MIL,2023-10-26,,PHI,W 118-117
1962,PHI,2023-10-26,@,MIL,L 117-118
1963,ORL,2023-10-25,,HOU,W 116-86
1964,MEM,2023-10-25,,NOP,L 104-111
1965,DAL,2023-10-25,@,SAS,W 126-119
1966,HOU,2023-10-25,@,ORL,L 86-116
1967,MIN,2023-10-25,@,TOR,L 94-97
1968,SAS,2023-10-25,,DAL,L 119-126
1969,NYK,2023-10-25,,BOS,L 104-108
1970,BOS,2023-10-25,@,NYK,W 108-104
1971,CLE,2023-10-25,@,BRK,W 114-113
1972,WAS,2023-10-25,@,IND,L 120-143
1973,DET,2023-10-25,@,MIA,L 102-103
1974,ATL,2023-10-25,@,CHO,L 110-116
1975,TOR,2023-10-25,,MIN,W 97-94
1976,CHI,2023-10-25,,OKC,L 104-124
1977,LAC,2023-10-25,,POR,W 123-111
1978,BRK,2023-10-25,,CLE,L 113-114
1979,UTA,2023-10-25,,SAC,L 114-130
1980,IND,2023-10-25,,WAS,W 143-120
1981,POR,2023-10-25,@,LAC,L 111-123
1982,CHO,2023-10-25,,ATL,W 116-110
1983,NOP,2023-10-25,@,MEM,W 111-104
1984,OKC,2023-10-25,@,CHI,W 124-104
1985,SAC,2023-10-25,@,UTA,W 130-114
1986,MIA,2023-10-25,,DET,W 103-102
1987,LAL,2023-10-24,@,DEN,L 107-119
1988,PHO,2023-10-24,@,GSW,W 108-104
1989,GSW,2023-10-24,,PHO,L 104-108
1990,DEN,2023-10-24,,LAL,W 119-107